user_id,flags,risk_score,max_severity
340eea65-4641-507f-877f-43eef36271c6,"INV_HISTORY_MISMATCH, MISSING_HISTORY",15,HIGH
0aacec2b-737a-578b-af5a-b348771569f0,INV_HISTORY_MISMATCH,10,HIGH
aff83240-f491-5093-ad5c-e6570860108a,INV_HISTORY_MISMATCH,10,HIGH
3fa147da-a3ab-5cb9-ae04-d8973400065d,INV_HISTORY_MISMATCH,10,HIGH
004c471b-6142-53e6-8fd7-311ca38fccb3,MISSING_HISTORY,5,MEDIUM
abea2c51-e5fc-5e0f-83d8-5c8a77e667d8,MISSING_HISTORY,5,MEDIUM
ace9f0f3-eef3-55ff-9cb5-8acf191664e3,MISSING_HISTORY,5,MEDIUM
ace47f7d-8870-5fe7-8669-8cf94c069cef,MISSING_HISTORY,5,MEDIUM
acbaebfe-200a-5c8a-a676-6c34ff48e101,MISSING_HISTORY,5,MEDIUM
aca31500-6d55-5fea-a168-9e9f55b76b93,MISSING_HISTORY,5,MEDIUM
ac44718b-501d-5f43-b776-b0f0263ab9b1,MISSING_HISTORY,5,MEDIUM
ac2f2d98-d7cf-5062-ada5-a3e751664ded,MISSING_HISTORY,5,MEDIUM
ac1aa2ed-e298-55ed-b875-599711c585d6,MISSING_HISTORY,5,MEDIUM
abbc28fd-c244-5cb2-b5fa-766c7541c0db,MISSING_HISTORY,5,MEDIUM
ad4414ed-8f4c-5705-9ae3-b099e9d794f5,MISSING_HISTORY,5,MEDIUM
abb5cf20-3c33-51e7-a884-453d4798244b,MISSING_HISTORY,5,MEDIUM
ab9f1b95-9378-5654-9b45-1ab259eb0ed4,MISSING_HISTORY,5,MEDIUM
ab783e49-1af9-550c-bfb1-9c65b428b269,MISSING_HISTORY,5,MEDIUM
ab629a56-fd26-530c-9ba1-1cc341cc6b7d,MISSING_HISTORY,5,MEDIUM
ab5c89ca-1543-5a7a-9de6-cf3cb4cdd778,MISSING_HISTORY,5,MEDIUM
aac58244-7c42-59a9-ac24-8aca0998504f,MISSING_HISTORY,5,MEDIUM
aa8e0341-fef5-585d-9902-f95abf8caab9,MISSING_HISTORY,5,MEDIUM
aa7d0a94-fa71-5a7b-b33f-3ff13ed94fd2,MISSING_HISTORY,5,MEDIUM
aa76db1b-3bc8-5ee3-94cd-b64f043a77d8,MISSING_HISTORY,5,MEDIUM
ad2034ee-e641-5178-b75e-e9aa7c84f0de,MISSING_HISTORY,5,MEDIUM
ad73929a-343d-50d8-a29d-e5810b4912e0,MISSING_HISTORY,5,MEDIUM
ad62f300-028e-57e4-8787-73187e80ec40,MISSING_HISTORY,5,MEDIUM
af34bce7-99d7-536d-aa25-8554c6db5949,MISSING_HISTORY,5,MEDIUM
b0fbd118-5321-52e3-87fd-0d70ae71aa67,MISSING_HISTORY,5,MEDIUM
b0b292bc-27f9-5707-a6c5-12b572dda073,MISSING_HISTORY,5,MEDIUM
b0426964-9813-5b87-9bf6-fd0db721516a,MISSING_HISTORY,5,MEDIUM
b039b375-a93f-5ada-9a4f-2b6921972a2a,MISSING_HISTORY,5,MEDIUM
b034e3f8-ab7d-5e23-bd61-d88071a0d892,MISSING_HISTORY,5,MEDIUM
aff0ef9b-2b58-52dc-987d-16ed3ff7dbeb,MISSING_HISTORY,5,MEDIUM
afdcdc63-aff1-5163-953c-cc712fa039e1,MISSING_HISTORY,5,MEDIUM
afcd69e4-a588-5b92-8898-ca3aa3979323,MISSING_HISTORY,5,MEDIUM
af9cf3c0-e274-55dd-8ccd-b1690838025e,MISSING_HISTORY,5,MEDIUM
aec5f3d4-519b-53d1-91b4-41278456a056,MISSING_HISTORY,5,MEDIUM
aa438e8a-a35a-5196-a94f-0204d4e5732c,MISSING_HISTORY,5,MEDIUM
aec062a9-ee5e-52c6-9ead-c17c747438ce,MISSING_HISTORY,5,MEDIUM
aead975b-ffd6-5ee7-a680-1ad426d4014b,MISSING_HISTORY,5,MEDIUM
ae43c75b-a8d9-52cc-984a-e635a589a8fd,MISSING_HISTORY,5,MEDIUM
ae42e471-f2bd-5df7-bff7-aead562fac7b,MISSING_HISTORY,5,MEDIUM
ae32ce16-6ad8-5d81-8f68-b719191219ac,MISSING_HISTORY,5,MEDIUM
ae069f10-3763-58b7-a22d-66b59a3a91bd,MISSING_HISTORY,5,MEDIUM
adef3849-3007-552e-8256-4cdf98ff9055,MISSING_HISTORY,5,MEDIUM
add812bb-8919-50e2-932c-7de1ae4f89ca,MISSING_HISTORY,5,MEDIUM
ad7fa2a4-71c7-521d-9e7d-19f98f7ab925,MISSING_HISTORY,5,MEDIUM
aa49bf19-3ba8-51b1-bd5b-4925a4ac901c,MISSING_HISTORY,5,MEDIUM
aa189906-ad07-5695-90ab-6d378166bbdc,MISSING_HISTORY,5,MEDIUM
b1413d76-aef0-5795-9aba-6b2d9cdc60e7,MISSING_HISTORY,5,MEDIUM
a267192d-dc76-58be-9faf-d8d32852fdb1,MISSING_HISTORY,5,MEDIUM
a5aa70b5-5593-5cc4-80ef-be84231cb6fd,MISSING_HISTORY,5,MEDIUM
a56f1287-dcdb-52a4-a273-0ab38d4b8a6a,MISSING_HISTORY,5,MEDIUM
a55d70af-a0d8-5e8e-b3fe-becbfd8d6296,MISSING_HISTORY,5,MEDIUM
a4f04494-c51c-5bbf-b506-b58f9f17f7c4,MISSING_HISTORY,5,MEDIUM
a405e50a-5bd4-59d4-b163-0605c58d2309,MISSING_HISTORY,5,MEDIUM
a3a4f626-ad6e-5670-92da-aff5c95db32c,MISSING_HISTORY,5,MEDIUM
a3338aec-577b-5d7b-99cb-d206ca6d9dd4,MISSING_HISTORY,5,MEDIUM
a32c83c6-dfba-58fb-909e-0ca0b1a177ec,MISSING_HISTORY,5,MEDIUM
a2f1fa0d-0bb0-5713-b845-145990548bb5,MISSING_HISTORY,5,MEDIUM
a2523b5a-1c5d-506e-8ada-3e6821226add,MISSING_HISTORY,5,MEDIUM
a5fa3d98-4725-5147-9afd-ca20cd16551f,MISSING_HISTORY,5,MEDIUM
a24dbf48-7742-51c4-a216-e76212971d80,MISSING_HISTORY,5,MEDIUM
a22b1030-e331-59f6-b450-ce8a8dcc59fd,MISSING_HISTORY,5,MEDIUM
a203083d-af3c-5e06-9ef0-68a6edb04de4,MISSING_HISTORY,5,MEDIUM
a1cfe0ec-4176-5308-91c9-f69b6c3a5802,MISSING_HISTORY,5,MEDIUM
a1c4712a-976b-5613-a6f5-d78a40459eca,MISSING_HISTORY,5,MEDIUM
a1bb1142-98cd-509e-be83-e66341294488,MISSING_HISTORY,5,MEDIUM
a154659c-a395-5739-89b1-4ea751a935eb,MISSING_HISTORY,5,MEDIUM
a0deda65-97d1-5430-bae8-082baef78538,MISSING_HISTORY,5,MEDIUM
a0d658a9-e719-5315-b514-b593e262a8ed,MISSING_HISTORY,5,MEDIUM
a5ccf263-ff45-5550-924e-a16a52b91eaf,MISSING_HISTORY,5,MEDIUM
a659ad2d-ec9a-5f6c-90b3-e29044faf67e,MISSING_HISTORY,5,MEDIUM
aa05f97c-0fa2-5e83-aeaa-5cd39ab8fa40,MISSING_HISTORY,5,MEDIUM
a7ed44ce-0d27-5700-9267-62f3f70ea06f,MISSING_HISTORY,5,MEDIUM
a9ffd841-aea6-51ec-a4fa-dabffc1b320f,MISSING_HISTORY,5,MEDIUM
a9d28739-91ec-584f-91d2-392f50e1c930,MISSING_HISTORY,5,MEDIUM
a929f9d6-c0f0-5be0-9423-e155ae1866db,MISSING_HISTORY,5,MEDIUM
a91ccdfc-8d35-59b0-b9cf-28f900e66170,MISSING_HISTORY,5,MEDIUM
a90fb97c-0ce4-5d95-af35-a5c1c5adb6d5,MISSING_HISTORY,5,MEDIUM
a8b8df54-2904-5383-833c-05b794731d34,MISSING_HISTORY,5,MEDIUM
a874f731-6c75-5e10-88e8-b54fb800fcb2,MISSING_HISTORY,5,MEDIUM
a8691b05-b279-5845-ba92-f593923e7347,MISSING_HISTORY,5,MEDIUM
a846987f-1b33-526a-bb97-1db757b12832,MISSING_HISTORY,5,MEDIUM
a7cfc53a-4141-5a39-b0c5-7cb5ad883021,MISSING_HISTORY,5,MEDIUM
a692e39f-71ed-5435-afa0-06e7739286c8,MISSING_HISTORY,5,MEDIUM
a7bd49ad-0056-565a-9ff1-4074f19d4be7,MISSING_HISTORY,5,MEDIUM
a78b7f03-51f9-5500-8d03-56f53b8fc80c,MISSING_HISTORY,5,MEDIUM
a78a93d8-3264-5f2d-b47a-c986bea131ca,MISSING_HISTORY,5,MEDIUM
a765c89e-4ace-5c13-bb79-aa49da264c5d,MISSING_HISTORY,5,MEDIUM
a718118d-9cc7-53f2-a069-96fd50ceadcc,MISSING_HISTORY,5,MEDIUM
a6fdb339-0d5b-5d58-9291-6ee2b15b755b,MISSING_HISTORY,5,MEDIUM
a6d90ee5-d26c-508f-8dd6-b78c78dc40a4,MISSING_HISTORY,5,MEDIUM
a6a626a8-d4dd-503d-a98d-430d7a68499c,MISSING_HISTORY,5,MEDIUM
a6944d65-fc5b-55ee-a58a-6300d8453cf3,MISSING_HISTORY,5,MEDIUM
b10dfc4b-6e78-5bbb-9c2b-3988f8bd4b4b,MISSING_HISTORY,5,MEDIUM
b166f7b4-f116-5841-aaa4-73f34ada14ae,MISSING_HISTORY,5,MEDIUM
b1454e5f-a082-530d-9716-92252c02d8ed,MISSING_HISTORY,5,MEDIUM
bd6c57cd-8be8-5e01-87ff-0fd2861b1dcc,MISSING_HISTORY,5,MEDIUM
bf56e1f1-334c-5f6b-8bd4-103277e84837,MISSING_HISTORY,5,MEDIUM
bf0b0f52-9c51-5287-806b-cc28975a7131,MISSING_HISTORY,5,MEDIUM
bebe29ed-d342-5fa5-b4f5-fab85d73139c,MISSING_HISTORY,5,MEDIUM
bea67247-f3f0-5625-a684-24b572630745,MISSING_HISTORY,5,MEDIUM
be979971-76ee-5339-9e74-e0aac71fb6a2,MISSING_HISTORY,5,MEDIUM
be89584d-32fa-5053-9b90-75fdbca51318,MISSING_HISTORY,5,MEDIUM
be5274a4-dd9b-5393-86ae-f288228f8865,MISSING_HISTORY,5,MEDIUM
be0cc011-a2fb-5560-94a7-6440ed21037e,MISSING_HISTORY,5,MEDIUM
be01859d-c639-519b-bb91-0557aef6dff8,MISSING_HISTORY,5,MEDIUM
bd5c8e2d-cc4c-51b2-ab39-2da56eddae6c,MISSING_HISTORY,5,MEDIUM
bf8e515b-75f4-509e-abb2-0cdccb60d688,MISSING_HISTORY,5,MEDIUM
bd3a67e1-703a-5110-a46a-823a60147a4d,MISSING_HISTORY,5,MEDIUM
bca9921c-f56b-5126-8e1e-8e2f0332e38c,MISSING_HISTORY,5,MEDIUM
bc480dfe-8d77-5913-8f47-a77375227286,MISSING_HISTORY,5,MEDIUM
bbbbb159-c1e6-5611-b7e4-7c8770cc8761,MISSING_HISTORY,5,MEDIUM
bbb9d4e1-f080-5fe6-994f-2413966941ba,MISSING_HISTORY,5,MEDIUM
bb3b7605-3ebf-5620-9b4b-6ff1229d8d9e,MISSING_HISTORY,5,MEDIUM
bafe3e91-886f-563b-b5c4-397f045a35f1,MISSING_HISTORY,5,MEDIUM
baeffc2b-d168-5e89-b43a-c76ca0f49ae4,MISSING_HISTORY,5,MEDIUM
bad59385-05b8-56eb-9ca5-a84a093d789a,MISSING_HISTORY,5,MEDIUM
bf654827-c131-568d-8542-42bbcd753c21,MISSING_HISTORY,5,MEDIUM
c04e9347-f825-5d37-b434-9d4590fdd4b3,MISSING_HISTORY,5,MEDIUM
a08bdaab-c861-5767-87fa-f1d0966f273b,MISSING_HISTORY,5,MEDIUM
c1cfd7df-6148-5ec8-8924-5d28e53a8c32,MISSING_HISTORY,5,MEDIUM
c447a6d2-7bbe-5cf3-9908-cc44a53f8475,MISSING_HISTORY,5,MEDIUM
c3d6d3eb-d75f-510a-9286-abbc673e65d4,MISSING_HISTORY,5,MEDIUM
c3c4779b-0ba4-5290-bac4-70790a93e837,MISSING_HISTORY,5,MEDIUM
c39c01e7-c5c7-565a-b1b0-5bba0d0846a4,MISSING_HISTORY,5,MEDIUM
c30161aa-3d8d-576f-881c-cd3758cf0b2e,MISSING_HISTORY,5,MEDIUM
c266dd54-0cb9-54ad-801c-5ad544343d58,MISSING_HISTORY,5,MEDIUM
c227d51f-a2ad-58bf-a672-391acd162b9b,MISSING_HISTORY,5,MEDIUM
c1f6824e-54ed-5203-a561-7efe5b49b98a,MISSING_HISTORY,5,MEDIUM
c1d20ee7-b79b-587f-a98e-987f1d6a083e,MISSING_HISTORY,5,MEDIUM
c1cfd78d-676a-51af-bc3e-78ee0dcac66d,MISSING_HISTORY,5,MEDIUM
c05f1a31-792b-52cd-be79-ce5441ae961c,MISSING_HISTORY,5,MEDIUM
c1cf39a2-0e0c-5394-92b6-a37699e4e5f9,MISSING_HISTORY,5,MEDIUM
c1aa0e2f-7213-5d71-9ab6-4d74a7b0f017,MISSING_HISTORY,5,MEDIUM
c19d7e15-7b01-5e85-b028-e3613b110bf1,MISSING_HISTORY,5,MEDIUM
c177f807-e72c-5386-8720-2904012aa6a7,MISSING_HISTORY,5,MEDIUM
c170838c-7d1c-56bb-8168-d214a88399f4,MISSING_HISTORY,5,MEDIUM
c143682c-eaad-5111-9bd6-3569bc9e4e73,MISSING_HISTORY,5,MEDIUM
c0ff36c8-3980-5750-8981-788f781c1915,MISSING_HISTORY,5,MEDIUM
c0c32bbb-9c78-5f0f-89de-30047b7dc468,MISSING_HISTORY,5,MEDIUM
c05f6ce7-b8f6-5b40-8d6a-c016055f068a,MISSING_HISTORY,5,MEDIUM
ba8668cc-94ea-5760-8d58-a6751ee48e18,MISSING_HISTORY,5,MEDIUM
ba862be6-d245-5824-b03c-7d704d10a723,MISSING_HISTORY,5,MEDIUM
ba5967ec-ed45-5b39-a539-21d6e8b98737,MISSING_HISTORY,5,MEDIUM
b3c538c4-1c4f-51b6-960a-23470a1798ba,MISSING_HISTORY,5,MEDIUM
b54f0062-2c76-5154-8228-f188c35ea8ba,MISSING_HISTORY,5,MEDIUM
b53f77df-2b86-5ef9-b426-47cb88d8ac8a,MISSING_HISTORY,5,MEDIUM
b4f93d9d-8e7a-50da-a423-e102b2b055a3,MISSING_HISTORY,5,MEDIUM
b4d237e2-028b-502c-b12d-9a412ba8154e,MISSING_HISTORY,5,MEDIUM
b49a4b3f-4963-50b5-9f40-e89cf1731d69,MISSING_HISTORY,5,MEDIUM
b462f120-b8b7-5289-8d08-8a15779d94c8,MISSING_HISTORY,5,MEDIUM
b4514d91-c7b9-5fda-ab52-53c434fdb3dd,MISSING_HISTORY,5,MEDIUM
b42f909f-3e3f-53e9-8a5b-f8c6c87ee504,MISSING_HISTORY,5,MEDIUM
b3ff0c69-d5e5-5bc1-be15-abe19b7182df,MISSING_HISTORY,5,MEDIUM
b3bb91c6-bd45-5070-a43b-0c0af8092173,MISSING_HISTORY,5,MEDIUM
b9fcb027-315e-53d2-80e6-9b675315d822,MISSING_HISTORY,5,MEDIUM
b3b5596d-d731-594a-bfa0-b110ed99fbce,MISSING_HISTORY,5,MEDIUM
b3aa2e1d-909e-51fe-b4a3-6cd5d0b9b3ff,MISSING_HISTORY,5,MEDIUM
b31039e9-43f7-5357-a641-7f0ad40022a6,MISSING_HISTORY,5,MEDIUM
b2df5422-26dc-5ee4-86a5-3bb3cb97dc51,MISSING_HISTORY,5,MEDIUM
b24a32c9-5a09-5e20-90b0-dd35d567ac13,MISSING_HISTORY,5,MEDIUM
b232635a-bf0f-5e83-9748-accb3f9c555e,MISSING_HISTORY,5,MEDIUM
b1ff9c53-8017-5585-a53f-2d98bc34e857,MISSING_HISTORY,5,MEDIUM
b1c8dfbb-df67-5213-8096-f6e10f8ab3fc,MISSING_HISTORY,5,MEDIUM
b1c8c848-b7e5-5788-9d53-a32bba34684f,MISSING_HISTORY,5,MEDIUM
b565e902-c703-5e43-99c6-7d3046bc1232,MISSING_HISTORY,5,MEDIUM
b5799d88-d4af-5be2-8b17-f89b6943c7be,MISSING_HISTORY,5,MEDIUM
b5a03348-87c0-52eb-aa9f-8539cab06680,MISSING_HISTORY,5,MEDIUM
b64afee7-344f-5dbd-8932-4449ce72a0e9,MISSING_HISTORY,5,MEDIUM
b985a498-37fe-5629-ba7e-b80d10ead526,MISSING_HISTORY,5,MEDIUM
b9761f43-5b67-5d0e-b322-5ae52bd879a4,MISSING_HISTORY,5,MEDIUM
b8f8d01b-01d5-512d-a2ee-06436980c79b,MISSING_HISTORY,5,MEDIUM
b8e056b0-8bfa-54f5-859f-ed51fe801688,MISSING_HISTORY,5,MEDIUM
b8aa076d-a169-558e-abc6-87e69d0e30ee,MISSING_HISTORY,5,MEDIUM
b8a287db-c452-5eef-8a31-295966c4064a,MISSING_HISTORY,5,MEDIUM
b87a4cda-1042-51f8-8d9c-eb50f0e94e92,MISSING_HISTORY,5,MEDIUM
b86f1ddc-148a-5152-b6f5-57ee8394023a,MISSING_HISTORY,5,MEDIUM
b86c8f1a-a177-504c-8578-7bb86018b9be,MISSING_HISTORY,5,MEDIUM
b85b96cf-d892-50ea-b6d4-078636062d20,MISSING_HISTORY,5,MEDIUM
b8319839-6306-50d2-a523-6c7f97449b3a,MISSING_HISTORY,5,MEDIUM
b82fffa0-52fa-531a-958f-81d8f19b4e2f,MISSING_HISTORY,5,MEDIUM
b79844e1-3ff4-5c68-bd4e-f0fe782d7fe9,MISSING_HISTORY,5,MEDIUM
b78c3d3e-f7aa-5c39-adce-d6b0d8010366,MISSING_HISTORY,5,MEDIUM
b6f3c93a-cc61-55d2-896f-15dc3f02957d,MISSING_HISTORY,5,MEDIUM
b6f0b10c-4a33-5963-8874-fd674b7bf23d,MISSING_HISTORY,5,MEDIUM
b6993bf7-40c6-546c-8022-7ff9ab324a83,MISSING_HISTORY,5,MEDIUM
b67bf9c2-82c2-5b81-a9d8-e43e8dbea7fc,MISSING_HISTORY,5,MEDIUM
b657c567-a227-55b3-8bdf-0b66d9d20b7c,MISSING_HISTORY,5,MEDIUM
a0cb1988-1f79-535d-8e22-12cdebd8c065,MISSING_HISTORY,5,MEDIUM
a0886b25-f91f-5343-af87-3b1b62e9833a,MISSING_HISTORY,5,MEDIUM
c4c3c4a1-1376-5e32-8c7c-26697e55546a,MISSING_HISTORY,5,MEDIUM
8a649595-fc0b-556a-b66a-ff9822086cba,MISSING_HISTORY,5,MEDIUM
8c658039-9f05-564e-8ef2-e7f68426739a,MISSING_HISTORY,5,MEDIUM
8c5436a6-4bcc-5f1f-8b11-48da74d465a2,MISSING_HISTORY,5,MEDIUM
8c50dc4e-8aae-54ab-baf3-9e52755e1bf2,MISSING_HISTORY,5,MEDIUM
8c084190-7c68-53ed-9a25-bc43f0f710f3,MISSING_HISTORY,5,MEDIUM
8bf101c3-22ee-5dbf-b0d0-f09a0a1baa93,MISSING_HISTORY,5,MEDIUM
8be9b155-ad4b-51c4-81f4-cc1d807154d8,MISSING_HISTORY,5,MEDIUM
8b5eafda-603e-50f3-bb4d-4ee37be6931f,MISSING_HISTORY,5,MEDIUM
8b2c2a7a-64e1-58d0-89ca-27dfcfa978b7,MISSING_HISTORY,5,MEDIUM
8ac0e956-ac31-596f-bc33-7633b31331ff,MISSING_HISTORY,5,MEDIUM
8a4b6b90-2c6d-5a1c-a470-de16ab07999a,MISSING_HISTORY,5,MEDIUM
8ca6db5b-0e64-586e-b0b7-6044bbc5625e,MISSING_HISTORY,5,MEDIUM
8a346210-9637-55d7-9793-386fd0aea2e3,MISSING_HISTORY,5,MEDIUM
8a1655a2-2f0b-5213-8953-7ac3c8f38301,MISSING_HISTORY,5,MEDIUM
89abaf2f-db61-5b07-a162-672d42e7eb08,MISSING_HISTORY,5,MEDIUM
89a3a5b9-a84b-5c97-8d40-71f4c98ee9ed,MISSING_HISTORY,5,MEDIUM
898cb00b-ab1b-598c-a013-1124b45dbd44,MISSING_HISTORY,5,MEDIUM
8932e2e2-7f6d-59d4-b61b-cce29a2bc6d4,MISSING_HISTORY,5,MEDIUM
891a1825-a86e-5280-9133-13f3b508c6ec,MISSING_HISTORY,5,MEDIUM
88e312ad-2689-5cdf-86fc-c527291d028d,MISSING_HISTORY,5,MEDIUM
88e15c7b-345f-5c1f-a82f-cfdd0dc63ceb,MISSING_HISTORY,5,MEDIUM
8ca2d01e-4db8-5968-ad50-5e6c6cc8cde5,MISSING_HISTORY,5,MEDIUM
8cc0ad57-0086-546e-9159-34d5eda101ec,MISSING_HISTORY,5,MEDIUM
887b5c63-0d59-5f24-bf4e-472c498f7d3a,MISSING_HISTORY,5,MEDIUM
8ed1d772-8a00-5e3c-b31d-fb3bdaf8f471,MISSING_HISTORY,5,MEDIUM
9097b1c2-9c48-5385-ad96-400914a10775,MISSING_HISTORY,5,MEDIUM
90849e7f-b8b5-5aa8-b56c-da5a9e74a446,MISSING_HISTORY,5,MEDIUM
908016ac-2ad2-5876-8a63-eb28a3f60df9,MISSING_HISTORY,5,MEDIUM
9059559c-6837-53b6-950c-f2cfc72b252e,MISSING_HISTORY,5,MEDIUM
903774f3-7a33-505b-8740-e3f17483e5fa,MISSING_HISTORY,5,MEDIUM
901b946b-8a77-555f-82b7-3029b351d5bd,MISSING_HISTORY,5,MEDIUM
8ff3653e-9516-59e8-933b-cf2e35a45720,MISSING_HISTORY,5,MEDIUM
8f9c29b9-a290-51e9-bee5-c8481f654eb3,MISSING_HISTORY,5,MEDIUM
8f811f4e-36d5-5add-b077-73c32662198a,MISSING_HISTORY,5,MEDIUM
8ecb74e8-c29c-54f7-aa7a-e18bc0e15284,MISSING_HISTORY,5,MEDIUM
8cc15bb4-9f26-58ce-8c8b-3719a6e7173b,MISSING_HISTORY,5,MEDIUM
8ea762cb-6e57-5cda-91f7-8b02c4fcc8c6,MISSING_HISTORY,5,MEDIUM
8e952872-eb17-5560-99fc-e1d021b81deb,MISSING_HISTORY,5,MEDIUM
8e21c351-6ab9-55e6-93ce-ed28881a45e6,MISSING_HISTORY,5,MEDIUM
8de2df8e-6b78-581f-8b9d-0b9b048a8976,MISSING_HISTORY,5,MEDIUM
8dbecfa0-a9e6-59d3-a9e1-415dd0eac026,MISSING_HISTORY,5,MEDIUM
8dae705b-938e-51b3-9f00-3ec297602812,MISSING_HISTORY,5,MEDIUM
8d8aaf54-6270-5448-be28-79150a598f40,MISSING_HISTORY,5,MEDIUM
8d69095e-ebf7-5c32-8254-4133d1182a6a,MISSING_HISTORY,5,MEDIUM
8cc3bee5-1afd-50b2-b683-a91616b323a1,MISSING_HISTORY,5,MEDIUM
88961d3f-87ff-5cfc-80d8-f02f6559b59a,MISSING_HISTORY,5,MEDIUM
886f2e1b-8fae-59f7-bd13-0919b5621896,MISSING_HISTORY,5,MEDIUM
90b928c2-c41d-5660-b2bc-c437d8b16d3d,MISSING_HISTORY,5,MEDIUM
822edcf8-628e-5810-9216-649b882cb9e3,MISSING_HISTORY,5,MEDIUM
835e41b8-b0b3-5bf5-b4c2-ae5a757fc417,MISSING_HISTORY,5,MEDIUM
82ed3ef6-a5db-5d74-b683-ab843d3df0ff,MISSING_HISTORY,5,MEDIUM
82e40fcb-351b-5c44-b4e2-4eab9d101062,MISSING_HISTORY,5,MEDIUM
82df4563-cfcc-50d3-afc6-7c162d8cd1f6,MISSING_HISTORY,5,MEDIUM
82bf03c4-7025-5c67-a226-4d5de8da8ccd,MISSING_HISTORY,5,MEDIUM
82bed586-1203-5c3c-beaf-1ebfa87f3921,MISSING_HISTORY,5,MEDIUM
827fadb2-3f13-595e-a8a3-1c1e6f931ff8,MISSING_HISTORY,5,MEDIUM
823fb082-94ac-5bcb-8551-08a2d5b58e72,MISSING_HISTORY,5,MEDIUM
82373ffc-07d6-5951-a1ed-11fa95bd58f2,MISSING_HISTORY,5,MEDIUM
81fe6d2a-36f8-512d-9768-018576b63ef4,MISSING_HISTORY,5,MEDIUM
83cfb8ff-3723-5b20-83d5-e0f251022d02,MISSING_HISTORY,5,MEDIUM
81e033cb-f23b-58ba-97ea-34e5f68180cb,MISSING_HISTORY,5,MEDIUM
81a0fa1c-14fb-538b-8fd2-fdb31127a0d7,MISSING_HISTORY,5,MEDIUM
81610158-46b3-54c0-8062-60957c712f04,MISSING_HISTORY,5,MEDIUM
81006090-e1ae-5db9-912a-f0c1e2173a30,MISSING_HISTORY,5,MEDIUM
81002fb8-6866-55fb-966f-a754e8734d5a,MISSING_HISTORY,5,MEDIUM
80b326a4-a68b-5885-bd48-27a94c815d28,MISSING_HISTORY,5,MEDIUM
80526c80-d660-5096-9adb-8aa3b398474a,MISSING_HISTORY,5,MEDIUM
802b734a-a7c5-52f8-8b6f-16146a881967,MISSING_HISTORY,5,MEDIUM
7fe38413-030b-57ca-b16e-bde07498c0b8,MISSING_HISTORY,5,MEDIUM
838e531c-2874-59cb-ad67-2eb517cfd35b,MISSING_HISTORY,5,MEDIUM
83f25eb6-377f-591e-8349-4dbd1f7223a6,MISSING_HISTORY,5,MEDIUM
885d22d4-d01b-543a-97ad-0af8987a6c3b,MISSING_HISTORY,5,MEDIUM
86a84d85-e989-521f-9952-55e6b5869b32,MISSING_HISTORY,5,MEDIUM
8848f54b-8e22-5335-b3ab-82ae1fabaeb9,MISSING_HISTORY,5,MEDIUM
88419f70-be05-506b-9e69-7ea61c44e531,MISSING_HISTORY,5,MEDIUM
8833f9e5-af29-5704-92ed-b8fdda2e3082,MISSING_HISTORY,5,MEDIUM
88253660-e5a8-56da-bcb5-b62e8a094277,MISSING_HISTORY,5,MEDIUM
87dba4c3-0147-5573-95b6-8c03cffd1445,MISSING_HISTORY,5,MEDIUM
8761ee99-6ef9-5e82-896f-f767be8944c6,MISSING_HISTORY,5,MEDIUM
8719cb72-3d97-5d1a-a926-500b40ce4145,MISSING_HISTORY,5,MEDIUM
8717c408-db32-5435-a748-3342e29a6c63,MISSING_HISTORY,5,MEDIUM
870ddd13-f6f4-5544-a6ec-1ad557f0650c,MISSING_HISTORY,5,MEDIUM
86748429-9710-5a2b-86c2-4f8919de8123,MISSING_HISTORY,5,MEDIUM
83faf3cf-b73b-516c-8bbf-6337ff1d1baa,MISSING_HISTORY,5,MEDIUM
863959da-06a5-5fac-87ab-88e66856fae4,MISSING_HISTORY,5,MEDIUM
8637ba49-1fc6-53b6-b0a9-7e245e7511cd,MISSING_HISTORY,5,MEDIUM
8627f534-241f-5b42-8fb6-a75df153c933,MISSING_HISTORY,5,MEDIUM
85dad206-b905-5e36-9381-3a4012f3e33a,MISSING_HISTORY,5,MEDIUM
85da7f9e-4b07-587b-b32e-5fc550aea550,MISSING_HISTORY,5,MEDIUM
85a6f3ed-a7bd-5991-af1e-c7a85e412e7d,MISSING_HISTORY,5,MEDIUM
8579830a-acf3-532c-bd6e-2536221dfc35,MISSING_HISTORY,5,MEDIUM
854e6df0-a11d-5871-a8ac-4fed549a0509,MISSING_HISTORY,5,MEDIUM
8504956f-f432-5356-b4fd-b87d8a6d47be,MISSING_HISTORY,5,MEDIUM
90a0cb8e-0d26-5b61-a36c-c2c7055ed921,MISSING_HISTORY,5,MEDIUM
90b959f5-326c-5d7a-9f4f-2612f552d422,MISSING_HISTORY,5,MEDIUM
a0785449-4dab-5022-a800-10f49e92d2c4,MISSING_HISTORY,5,MEDIUM
9b260b2a-1aab-5afb-8fb1-fb2864fd3085,MISSING_HISTORY,5,MEDIUM
9c2c271c-3dce-536b-a7de-d6101cc87f79,MISSING_HISTORY,5,MEDIUM
9c108d8d-42ee-53d3-9fc7-4f2df7463d1e,MISSING_HISTORY,5,MEDIUM
9bceaec0-ee5f-5237-8d0b-25132bbf2c56,MISSING_HISTORY,5,MEDIUM
9bbc6eaa-5caa-5411-aea6-c23cd7ba3b8d,MISSING_HISTORY,5,MEDIUM
9ba5cacf-efe1-5f69-9b22-b91870e137a7,MISSING_HISTORY,5,MEDIUM
9ba28274-01ec-5265-9760-0b0339435b6f,MISSING_HISTORY,5,MEDIUM
9b96734a-4a6c-5ed2-b971-14a9cebe4d84,MISSING_HISTORY,5,MEDIUM
9b8a366f-4d2d-58eb-a896-c929f1d14ccf,MISSING_HISTORY,5,MEDIUM
9b3cde76-ff55-5c0e-9019-f97f673d4df4,MISSING_HISTORY,5,MEDIUM
9ac13afd-b2d7-50fb-820b-f1a52bbc7c17,MISSING_HISTORY,5,MEDIUM
9c9b10d5-1dc0-5d78-a269-8e853527eed4,MISSING_HISTORY,5,MEDIUM
9abcd911-3ab7-5e32-8607-b79488837d1d,MISSING_HISTORY,5,MEDIUM
9aba6212-b54c-5ed3-af11-4deb0c96babb,MISSING_HISTORY,5,MEDIUM
9ab6f056-683c-55eb-99c8-dc65f31b4bbe,MISSING_HISTORY,5,MEDIUM
9a37654a-69be-52f2-9dca-fe4d19614fb4,MISSING_HISTORY,5,MEDIUM
9a355753-facd-5ea2-b486-cb5fbb39897d,MISSING_HISTORY,5,MEDIUM
9a14f1f0-fa5e-58d1-ad40-743a0db5cc4d,MISSING_HISTORY,5,MEDIUM
99dcf9f2-e591-547f-9c35-f0b628703bef,MISSING_HISTORY,5,MEDIUM
999284b4-2f64-520b-8917-9d6dbd9e3df7,MISSING_HISTORY,5,MEDIUM
992a50e3-c188-5dd2-aa1a-a5e2ea9c87a1,MISSING_HISTORY,5,MEDIUM
9c439290-5128-5a0f-868d-a91180908fc3,MISSING_HISTORY,5,MEDIUM
9ca5dbe3-3802-58d3-b346-8a9c881305ca,MISSING_HISTORY,5,MEDIUM
991ee345-d654-5a6f-bd76-6f7ae4f1baeb,MISSING_HISTORY,5,MEDIUM
9ef77d20-a79a-5773-a0f1-dc6bfe31a288,MISSING_HISTORY,5,MEDIUM
a0736014-a5be-59ed-92e8-958833708446,MISSING_HISTORY,5,MEDIUM
a0598b03-edce-57e1-a5f4-cdeaf90fb9c1,MISSING_HISTORY,5,MEDIUM
a03e8f7f-982d-525a-be64-83914b77af10,MISSING_HISTORY,5,MEDIUM
a0109cc7-df51-5880-8505-85f9c48d5ef3,MISSING_HISTORY,5,MEDIUM
9fcc159e-0ae1-520d-b236-4f5bcd5817de,MISSING_HISTORY,5,MEDIUM
9fb5072b-0cdf-55b2-8cc9-5403d1635d2b,MISSING_HISTORY,5,MEDIUM
9fb4de25-0b7c-52a1-9a67-e3263b5ba95c,MISSING_HISTORY,5,MEDIUM
9f5dd2a2-eeeb-558a-8235-98259fcecfff,MISSING_HISTORY,5,MEDIUM
9f036e84-dbcf-5606-b64d-8de943090398,MISSING_HISTORY,5,MEDIUM
9e4001e2-15b3-583e-930c-243e02d264b6,MISSING_HISTORY,5,MEDIUM
9cad5ec1-6eea-5789-8d60-7059f836ac6d,MISSING_HISTORY,5,MEDIUM
9e3c6bdf-80ce-5d6a-85ab-e739ac7a3e91,MISSING_HISTORY,5,MEDIUM
9e1d354b-c2f0-512f-a8ad-81832077c7c0,MISSING_HISTORY,5,MEDIUM
9d976b0c-2c9c-5c0b-8f94-e91a32490785,MISSING_HISTORY,5,MEDIUM
9d1525cf-cb76-5c36-b14f-ed8e4ec2927a,MISSING_HISTORY,5,MEDIUM
9d1038cb-cee1-5f31-85a8-ad9d0d1bb59a,MISSING_HISTORY,5,MEDIUM
9d0194fd-102d-56d0-91e3-7648803aad8b,MISSING_HISTORY,5,MEDIUM
9cf16b8d-2284-5275-b4b4-d1353df3ae0e,MISSING_HISTORY,5,MEDIUM
9ce42584-f241-5666-aba2-c89ce85fea1f,MISSING_HISTORY,5,MEDIUM
9cbc7d8e-b78c-56fb-8a23-0f6694dec64c,MISSING_HISTORY,5,MEDIUM
9924a182-694b-59b0-a8e7-2d8218f16134,MISSING_HISTORY,5,MEDIUM
990d3161-a155-576f-8d00-3aa9d44373a7,MISSING_HISTORY,5,MEDIUM
90f70b11-97c2-5614-9ec9-9bd948c53736,MISSING_HISTORY,5,MEDIUM
92f0b324-e61c-5ee2-8eaa-80ba1ca80fc2,MISSING_HISTORY,5,MEDIUM
94cf4021-10f5-58a8-9a79-cb9d3732344b,MISSING_HISTORY,5,MEDIUM
94c254d4-f21c-5781-82ea-45d2a1759824,MISSING_HISTORY,5,MEDIUM
949d2682-c742-5ace-845f-244936952ac0,MISSING_HISTORY,5,MEDIUM
943b64f8-e186-5f05-889f-c2eaa5eab2ea,MISSING_HISTORY,5,MEDIUM
940f9676-75a8-5a98-b7fc-1275b4450f4c,MISSING_HISTORY,5,MEDIUM
93cda864-2b45-5a00-b9d5-8e352fb743e7,MISSING_HISTORY,5,MEDIUM
93b829c9-6aa3-5d98-9af9-8337c1059b2a,MISSING_HISTORY,5,MEDIUM
9369a0ed-d0ed-5f45-9e4d-9151210b5231,MISSING_HISTORY,5,MEDIUM
93335c19-10cf-5cf5-9b11-c199cca99fea,MISSING_HISTORY,5,MEDIUM
92d1318b-a5df-54ff-a932-461ff8c85891,MISSING_HISTORY,5,MEDIUM
94d922f3-84f4-5995-9d8b-32e79d04be56,MISSING_HISTORY,5,MEDIUM
92bbf3a3-9618-554a-a508-582c9ec7afc7,MISSING_HISTORY,5,MEDIUM
92aae97f-8b12-513a-b255-c0fc7d791d77,MISSING_HISTORY,5,MEDIUM
92983f25-7718-562a-adef-cbe2c83bada4,MISSING_HISTORY,5,MEDIUM
92595167-e103-52d8-be24-1c0b407a6387,MISSING_HISTORY,5,MEDIUM
9249d8da-404f-56c9-9b8b-0d31f4b9844f,MISSING_HISTORY,5,MEDIUM
92187115-c3bf-58e0-b04d-ab5c8fe90290,MISSING_HISTORY,5,MEDIUM
91b1174b-421d-5d52-8aff-306ebcf009fc,MISSING_HISTORY,5,MEDIUM
9173d8f4-1a2d-56ee-9f08-a4c118441f88,MISSING_HISTORY,5,MEDIUM
9125263b-19de-58dd-ac5f-c39fe78950b0,MISSING_HISTORY,5,MEDIUM
94d8ff22-acaf-5430-8d1b-d60fe0f06f68,MISSING_HISTORY,5,MEDIUM
950439e9-382b-5ba9-ae26-b6318953142e,MISSING_HISTORY,5,MEDIUM
98e7aa9d-9b1e-530f-aa09-5b7a5649308c,MISSING_HISTORY,5,MEDIUM
96407dbd-4ba7-5c2e-94ce-222317199fa0,MISSING_HISTORY,5,MEDIUM
98a11a09-1381-548c-8bde-56b05d7a2228,MISSING_HISTORY,5,MEDIUM
981e1950-18f7-51f1-b779-2e94b88eee70,MISSING_HISTORY,5,MEDIUM
981db934-abe4-56ed-8e29-64b600d97cd9,MISSING_HISTORY,5,MEDIUM
97d2a811-566e-5157-a7c3-3d047d72f920,MISSING_HISTORY,5,MEDIUM
97c8c572-227a-51ea-909b-4d56f74162a7,MISSING_HISTORY,5,MEDIUM
97622e8a-9a7b-5452-9ac7-21e950154e48,MISSING_HISTORY,5,MEDIUM
971ca561-068c-5e96-8823-ea2a32ed3eca,MISSING_HISTORY,5,MEDIUM
96a972e1-fb4d-5963-bfe8-bd3faf16e43e,MISSING_HISTORY,5,MEDIUM
968adf98-6740-5500-b02d-fac16423a168,MISSING_HISTORY,5,MEDIUM
95e5dc2e-69d4-5432-aa48-317147b13cbd,MISSING_HISTORY,5,MEDIUM
950c0d93-5f0e-5456-b7f6-c7edb30937fe,MISSING_HISTORY,5,MEDIUM
95ca1d3f-1fb6-5e0f-9292-b3526c60d5fe,MISSING_HISTORY,5,MEDIUM
95c5a81a-932a-59ff-a3e6-7cdbd6a43d07,MISSING_HISTORY,5,MEDIUM
955b8729-0a94-5d89-a9a3-e9ef9a645546,MISSING_HISTORY,5,MEDIUM
95531e70-428b-59f7-8311-bed4b316727b,MISSING_HISTORY,5,MEDIUM
954ca05f-ccbf-570c-a2d2-5a87d94bf499,MISSING_HISTORY,5,MEDIUM
95441deb-d057-570c-9459-fcba2977561a,MISSING_HISTORY,5,MEDIUM
9538f3a7-2fc8-51f6-b7e5-dff0fc8e8322,MISSING_HISTORY,5,MEDIUM
9535329e-8b77-54ac-ba65-e83d649530b3,MISSING_HISTORY,5,MEDIUM
9511d850-2464-55b1-89c3-391982bf0e96,MISSING_HISTORY,5,MEDIUM
c4528090-f465-5406-8fdf-e160746d87cc,MISSING_HISTORY,5,MEDIUM
c4db1d3e-e638-534c-b461-de650b57e4db,MISSING_HISTORY,5,MEDIUM
7fca369f-a55d-505a-b483-e07eab550285,MISSING_HISTORY,5,MEDIUM
ec350251-0cae-577e-b3bb-fae156ac4e20,MISSING_HISTORY,5,MEDIUM
ed2c9b02-aae6-5bfb-a396-7c068aff4828,MISSING_HISTORY,5,MEDIUM
ed12c830-9fdf-5a89-84b7-7862800d6a35,MISSING_HISTORY,5,MEDIUM
ed045379-44eb-570e-b93c-0e16141cb175,MISSING_HISTORY,5,MEDIUM
ecca12e5-3ab6-5284-ade2-4f7b8c11f638,MISSING_HISTORY,5,MEDIUM
ecc4072e-43cc-5bce-b6b1-4c6fd413314e,MISSING_HISTORY,5,MEDIUM
ec7f4f77-db03-51fa-a7cb-554425498f1e,MISSING_HISTORY,5,MEDIUM
ec76f68a-25a4-5570-9dcb-e4d83dbc7a12,MISSING_HISTORY,5,MEDIUM
ec6e2d11-dccf-50be-add5-bf699e1551d9,MISSING_HISTORY,5,MEDIUM
ec629d88-8788-59ec-b8fa-41e41f355d24,MISSING_HISTORY,5,MEDIUM
ec056dd9-689d-5463-aa09-030e0ed974de,MISSING_HISTORY,5,MEDIUM
ed5bfbed-0112-5bdc-8bb8-4c9b8b34acd7,MISSING_HISTORY,5,MEDIUM
eb8a3014-ea93-5413-9b52-f5d3491d1dbd,MISSING_HISTORY,5,MEDIUM
eb792a3a-ec81-5f50-b524-65b954721f86,MISSING_HISTORY,5,MEDIUM
eb738d4d-b7f7-5965-bafe-c0fa10c6a5fb,MISSING_HISTORY,5,MEDIUM
eb6f30e4-291b-56e6-a728-651644332337,MISSING_HISTORY,5,MEDIUM
eb5691c8-6cba-5e91-b32b-e674f5fccb00,MISSING_HISTORY,5,MEDIUM
eb4ae78f-c9c7-5381-9358-625c31abde24,MISSING_HISTORY,5,MEDIUM
eb025c34-4feb-5746-9b15-4fba25738f2d,MISSING_HISTORY,5,MEDIUM
eadcab5c-e40c-5e50-b9e4-aa7ffdd34c5f,MISSING_HISTORY,5,MEDIUM
eab3c95b-fd26-5d06-ae06-2ecf8280c395,MISSING_HISTORY,5,MEDIUM
ed2faa66-31ee-5f15-bbc4-dd456c352f68,MISSING_HISTORY,5,MEDIUM
edc0f220-6b4c-5eaa-baf2-b97c529a6eec,MISSING_HISTORY,5,MEDIUM
ea41830d-996c-5f9b-8ac4-150d8561f311,MISSING_HISTORY,5,MEDIUM
efd50abc-a407-5704-a6a4-c2f4250ef6c4,MISSING_HISTORY,5,MEDIUM
f156feb0-d6c1-52ee-b2e2-250b37f45961,MISSING_HISTORY,5,MEDIUM
f0c39c44-4676-5211-95a4-1d60b8fc8d1d,MISSING_HISTORY,5,MEDIUM
f0b507c7-1827-5ddf-99f2-5f4068486c74,MISSING_HISTORY,5,MEDIUM
f0995bd0-1685-5453-af7e-6d6fc2c63695,MISSING_HISTORY,5,MEDIUM
f08b12b1-36b1-5d46-89b9-99525afa5ef5,MISSING_HISTORY,5,MEDIUM
f07ae98f-8575-5b03-916b-2f969531d4bd,MISSING_HISTORY,5,MEDIUM
f059bb57-0a54-540e-9dea-aacce95fc2a8,MISSING_HISTORY,5,MEDIUM
f0163b2b-df2f-5976-9f60-b8a18f6e931c,MISSING_HISTORY,5,MEDIUM
efd78028-6cb4-5217-8389-aa76396c0fb1,MISSING_HISTORY,5,MEDIUM
efc7ca72-078a-5f0c-ac47-fab744212105,MISSING_HISTORY,5,MEDIUM
ee0cf210-3a67-5ebf-9bc4-86598d7b81d6,MISSING_HISTORY,5,MEDIUM
ef35b11e-ce7a-581e-87cd-132c52f19067,MISSING_HISTORY,5,MEDIUM
eefb7b34-39c8-558a-a6cc-7d1ffb74835b,MISSING_HISTORY,5,MEDIUM
eed08cad-0b90-5de9-ae7e-f4b44d64e8b7,MISSING_HISTORY,5,MEDIUM
eea59f1c-7ac9-55fe-ac69-1ca500cb8fe9,MISSING_HISTORY,5,MEDIUM
ee6ddd17-7450-5594-91c2-ef67b34b65d8,MISSING_HISTORY,5,MEDIUM
ee1e3363-05f5-55ff-b83f-f32d6e5ad949,MISSING_HISTORY,5,MEDIUM
ee1495b5-0de7-5e44-9d83-40f1ef716061,MISSING_HISTORY,5,MEDIUM
ee0f8455-f742-5b97-9560-70cbf45b2564,MISSING_HISTORY,5,MEDIUM
ee0f21eb-a9b8-5b8b-a8f9-390203f52167,MISSING_HISTORY,5,MEDIUM
ea4f0ac2-60d6-5a6b-a6c5-8671824b2786,MISSING_HISTORY,5,MEDIUM
ea3cd58e-5b7f-5882-9239-07e79600b5b6,MISSING_HISTORY,5,MEDIUM
e27752b7-e475-5af4-994f-692a5836d217,MISSING_HISTORY,5,MEDIUM
e44da4b0-e496-51c2-bcdf-864bb73a3aeb,MISSING_HISTORY,5,MEDIUM
e5f70a21-178e-5271-be5c-a0745db0cfe5,MISSING_HISTORY,5,MEDIUM
e55e7fa5-0376-583e-ae91-3e5b56dfe4c4,MISSING_HISTORY,5,MEDIUM
e55b5697-bb04-57a5-a029-3d5d3a0c14b7,MISSING_HISTORY,5,MEDIUM
e547dfdd-d0d4-5999-8725-546ae641d287,MISSING_HISTORY,5,MEDIUM
e51f6bc6-9cff-5718-b3db-8ac7682c385f,MISSING_HISTORY,5,MEDIUM
e4c23ca1-896b-55df-aa8e-87b8f5fdd8c2,MISSING_HISTORY,5,MEDIUM
e4ac8d56-628a-527b-a584-7bcc47d2aa3f,MISSING_HISTORY,5,MEDIUM
e48e3c6a-296e-5a58-8754-e3769e23ed8a,MISSING_HISTORY,5,MEDIUM
e46170c1-35a0-57e3-98bb-7ca29347d03d,MISSING_HISTORY,5,MEDIUM
e42cd28b-af80-5802-8f67-1547fad1252a,MISSING_HISTORY,5,MEDIUM
e6bca6d7-2cab-50fd-b53f-15e2d6447dfc,MISSING_HISTORY,5,MEDIUM
e41ecbad-c4f3-56ea-9d9f-82eca720133c,MISSING_HISTORY,5,MEDIUM
e4100615-0983-5c6b-b188-6f76e2b38bd4,MISSING_HISTORY,5,MEDIUM
e3fe8f5c-1c6d-5dc1-a105-a782b5293615,MISSING_HISTORY,5,MEDIUM
e3cd48ff-bf7d-5252-8804-bafd10f25a00,MISSING_HISTORY,5,MEDIUM
e3abcb54-d845-5c16-a86a-19645cb0bd0d,MISSING_HISTORY,5,MEDIUM
e37dca98-6389-574d-ba6e-be427ef410f3,MISSING_HISTORY,5,MEDIUM
e37b49d2-9a8f-5b93-a94b-ba669cd0f6d3,MISSING_HISTORY,5,MEDIUM
e2f9a282-86c6-57c5-a004-b7f663b08688,MISSING_HISTORY,5,MEDIUM
e29cd518-e585-5dc5-aaa8-922ae1b47489,MISSING_HISTORY,5,MEDIUM
e67d2756-0ab8-587f-8491-e4cdfe054409,MISSING_HISTORY,5,MEDIUM
e6d17a41-6f45-5bd7-ab15-e66bd70a91e2,MISSING_HISTORY,5,MEDIUM
e9fc5673-a5a6-561e-b4f9-134b736e0dbc,MISSING_HISTORY,5,MEDIUM
e8389901-ae5b-5e28-8d67-b90d1e7305d4,MISSING_HISTORY,5,MEDIUM
e9ad0792-9579-5a35-9a95-9f499e2e0f28,MISSING_HISTORY,5,MEDIUM
e971ab3a-8fb7-5fca-aaa1-d5ef77dc0475,MISSING_HISTORY,5,MEDIUM
e9673903-242d-570c-a5f6-d2fc9acf9153,MISSING_HISTORY,5,MEDIUM
e91ee9a2-c892-5912-89b5-ae05e7701583,MISSING_HISTORY,5,MEDIUM
e8e5ffd6-8a32-5de9-8bbc-5f2ab761c3fb,MISSING_HISTORY,5,MEDIUM
e8a2b1d1-94e2-5e03-afee-550b3f8d7bd1,MISSING_HISTORY,5,MEDIUM
e89fc0fa-d1ad-5b6d-9d8e-93ef6e06d2cb,MISSING_HISTORY,5,MEDIUM
e879dfb5-8136-5136-8c76-4415b73f0b89,MISSING_HISTORY,5,MEDIUM
e872d4a8-ba0a-5a9a-9e80-73cd83e6780a,MISSING_HISTORY,5,MEDIUM
e8141770-b09b-5642-a0f7-96b81d3b6d09,MISSING_HISTORY,5,MEDIUM
e6d1e8f4-2964-5b16-8e6e-69f69203614c,MISSING_HISTORY,5,MEDIUM
e7fcc7f8-6141-5f32-b238-c391803a2214,MISSING_HISTORY,5,MEDIUM
e7a01f00-83b5-5b38-841f-22f25a793dec,MISSING_HISTORY,5,MEDIUM
e79ca1cd-b386-56ee-8ca4-638908b1fdf0,MISSING_HISTORY,5,MEDIUM
e79abc99-a23f-5c24-890c-88cee378a324,MISSING_HISTORY,5,MEDIUM
e75e7ea0-aece-53ad-b710-d919082e8bc5,MISSING_HISTORY,5,MEDIUM
e75e13f1-e25c-5469-834d-3280b16a41b0,MISSING_HISTORY,5,MEDIUM
e75139a0-eb97-5a5a-ab7b-609b6b563a6c,MISSING_HISTORY,5,MEDIUM
e71f0a69-e3f5-5329-a307-3aa79bb3b0f6,MISSING_HISTORY,5,MEDIUM
e6eca2cb-6813-5da3-95cf-60f703afa924,MISSING_HISTORY,5,MEDIUM
f165c83f-8f61-5840-957a-576785c1c3eb,MISSING_HISTORY,5,MEDIUM
f18e3464-13c5-582e-938e-4e2421756a03,MISSING_HISTORY,5,MEDIUM
f197e33d-d9f8-550b-ac76-e444556e3e85,MISSING_HISTORY,5,MEDIUM
fa6b61f9-914d-528a-80ec-bcf018bfe968,MISSING_HISTORY,5,MEDIUM
fcb50275-b71b-5414-8364-2df36254381c,MISSING_HISTORY,5,MEDIUM
fc6196c7-30c7-530a-9f17-a96e4df15ace,MISSING_HISTORY,5,MEDIUM
fc46144a-b7e0-5faf-96cd-afc101732897,MISSING_HISTORY,5,MEDIUM
fb997f20-8f51-5aa0-9159-9f574487a153,MISSING_HISTORY,5,MEDIUM
fb926f50-4334-5456-bd5c-0374d6cdb402,MISSING_HISTORY,5,MEDIUM
fb5fde79-e6b9-5973-86bc-493504482727,MISSING_HISTORY,5,MEDIUM
fb53b5b3-7e0c-516f-8627-d071c0c83f76,MISSING_HISTORY,5,MEDIUM
fb213d81-356b-58f6-a037-ebe84b7af3b2,MISSING_HISTORY,5,MEDIUM
fa90ccd0-934e-541b-bea4-33635a33ae9b,MISSING_HISTORY,5,MEDIUM
fa62099f-ca00-5bb5-95fd-481873993736,MISSING_HISTORY,5,MEDIUM
fce62756-34b0-5023-8075-3059a25f13e0,MISSING_HISTORY,5,MEDIUM
fa5eb98a-8b9f-5c3f-8267-9fd7f783e657,MISSING_HISTORY,5,MEDIUM
fa30f672-dd91-5641-abde-4d1e51992cf9,MISSING_HISTORY,5,MEDIUM
f9fe71b2-6ad8-54d4-adaa-60e4df850ec8,MISSING_HISTORY,5,MEDIUM
f9ac2103-703b-53c6-97c0-963df61502e6,MISSING_HISTORY,5,MEDIUM
f91d7463-4094-584f-a8f1-da8d01b38753,MISSING_HISTORY,5,MEDIUM
f8e9bf25-549f-5f0a-bbc0-b9101695879d,MISSING_HISTORY,5,MEDIUM
f8e007a0-c210-50ca-a8a5-a0d4e2ffbaf4,MISSING_HISTORY,5,MEDIUM
f8b8e063-ed56-5e8e-896c-5bde1d87607b,MISSING_HISTORY,5,MEDIUM
f85708df-d66b-5f53-94d0-543f8273f5bf,MISSING_HISTORY,5,MEDIUM
fcbdf47c-020c-526c-b7d9-56762a5d9ab7,MISSING_HISTORY,5,MEDIUM
fcf3761f-f484-5c20-b2fd-40f072d6b532,MISSING_HISTORY,5,MEDIUM
f1b7cc4c-c915-512b-855b-9299703e5cdd,MISSING_HISTORY,5,MEDIUM
fe6fa584-ca41-506b-b525-2bad09beebb4,MISSING_HISTORY,5,MEDIUM
ff7d0582-c154-539c-acf8-26accaa9b6b3,MISSING_HISTORY,5,MEDIUM
ff79f2cb-8a2d-56fe-a1e3-00c816c20ce8,MISSING_HISTORY,5,MEDIUM
ff7706e5-5bb6-5306-89c8-e1b6308b3d6e,MISSING_HISTORY,5,MEDIUM
ff22e377-441c-55e1-bb55-d81165cfb287,MISSING_HISTORY,5,MEDIUM
ff171fcc-c87e-52e9-8261-764443c4f050,MISSING_HISTORY,5,MEDIUM
fef8bc67-940d-5595-a76d-d445b4026652,MISSING_HISTORY,5,MEDIUM
feef6c6f-f768-5be0-9841-207453943880,MISSING_HISTORY,5,MEDIUM
fee93ab3-a7e4-5557-8a59-49273c14926f,MISSING_HISTORY,5,MEDIUM
feb21c10-8f9f-57a7-975c-2fbc8c4e6492,MISSING_HISTORY,5,MEDIUM
fe3d8c2e-3433-5cd7-b144-eab52cc51473,MISSING_HISTORY,5,MEDIUM
fcfe8588-f3dd-5897-b54b-3289cc36e7ae,MISSING_HISTORY,5,MEDIUM
fe174c1c-67f0-5dc8-94f8-dcf62ef4f460,MISSING_HISTORY,5,MEDIUM
fdf5bae1-2f3b-5746-b59a-3aa1b234b202,MISSING_HISTORY,5,MEDIUM
fdc001f2-9742-546f-bf9e-98c4eb14ee32,MISSING_HISTORY,5,MEDIUM
fdb00e95-705c-591a-95f9-635c107ff580,MISSING_HISTORY,5,MEDIUM
fd6ba3c2-d622-5066-b27c-cdd6d7ce4235,MISSING_HISTORY,5,MEDIUM
fd62dec7-a469-5581-bc83-484746457a97,MISSING_HISTORY,5,MEDIUM
fd498281-0815-5887-be16-4156c5a63b9b,MISSING_HISTORY,5,MEDIUM
fd133daa-813f-5189-b960-a924763b797d,MISSING_HISTORY,5,MEDIUM
fd0b2648-e15b-59ea-918f-1946455619c6,MISSING_HISTORY,5,MEDIUM
f8547621-e752-57d7-8e35-5d3aeecc20d2,MISSING_HISTORY,5,MEDIUM
f836b8ea-ceea-51c7-bfb9-9767532ae6af,MISSING_HISTORY,5,MEDIUM
f808f796-d7dc-5830-af74-175940f5c990,MISSING_HISTORY,5,MEDIUM
f3bbb0f2-c671-50d6-9f07-8a663b26718c,MISSING_HISTORY,5,MEDIUM
f4ff23b5-068f-502a-baa1-51f2e4a435ca,MISSING_HISTORY,5,MEDIUM
f4f1645c-51d7-5d57-a886-135f91125453,MISSING_HISTORY,5,MEDIUM
f4e855d5-1c50-52bb-9b8d-157b1a614baf,MISSING_HISTORY,5,MEDIUM
f4e40b0b-ba06-5fc2-90c3-8c9149fcb454,MISSING_HISTORY,5,MEDIUM
f4e05b1f-16cd-5d65-a6a6-4f10c7a8a7bf,MISSING_HISTORY,5,MEDIUM
f4c13070-dd51-5db8-b99f-014d915a26d5,MISSING_HISTORY,5,MEDIUM
f4358ddf-edbd-5bc2-ae99-b6a36c348723,MISSING_HISTORY,5,MEDIUM
f414e0d4-eabf-5d2e-9437-e933af97bb4b,MISSING_HISTORY,5,MEDIUM
f3f69992-3d53-507e-b378-95c019c39675,MISSING_HISTORY,5,MEDIUM
f37148b4-2562-5653-8ce4-b7c8cfe34350,MISSING_HISTORY,5,MEDIUM
f7ec781d-f614-528b-ade9-f8da7e65b8fc,MISSING_HISTORY,5,MEDIUM
f3619946-70fa-5fac-9e67-682baa8c6477,MISSING_HISTORY,5,MEDIUM
f35d5f61-48e9-577f-bb8a-715e07aa1e8d,MISSING_HISTORY,5,MEDIUM
f3475041-b52d-526e-bb8d-9e1d02737571,MISSING_HISTORY,5,MEDIUM
f3426c25-1495-5295-9233-3ae5ff11cd7f,MISSING_HISTORY,5,MEDIUM
f33be4c8-172d-53f1-9365-cf735165b728,MISSING_HISTORY,5,MEDIUM
f337dedc-7862-5cf9-80d0-f141ecf76c7f,MISSING_HISTORY,5,MEDIUM
f25d154c-2b9a-50a3-bd82-d8bfbbf1c09b,MISSING_HISTORY,5,MEDIUM
f24d54bc-2e46-59cc-896f-4057deff9986,MISSING_HISTORY,5,MEDIUM
f2287561-c322-59fb-b906-f5a7cf82064e,MISSING_HISTORY,5,MEDIUM
f5204890-6cd3-545d-a725-660e9c3afc9a,MISSING_HISTORY,5,MEDIUM
f5280ec4-64b8-5521-be38-fe0946c1f981,MISSING_HISTORY,5,MEDIUM
f52d9aa0-7ed5-532d-8cda-91a095726468,MISSING_HISTORY,5,MEDIUM
f54cff5f-594f-59b1-9dd4-72b99d80602e,MISSING_HISTORY,5,MEDIUM
f7bad235-0544-5227-9786-68da81f17ab6,MISSING_HISTORY,5,MEDIUM
f7582d28-0661-5b41-ad34-891273eafeac,MISSING_HISTORY,5,MEDIUM
f74c77f2-5460-5960-8f3f-4bcf6a5ffb9e,MISSING_HISTORY,5,MEDIUM
f7367487-9183-5fdf-8ede-7ecdfced92e3,MISSING_HISTORY,5,MEDIUM
f6f87ac7-6d01-5059-890f-66ac6237b7a6,MISSING_HISTORY,5,MEDIUM
f6b8dde1-549f-5218-ad42-9debc873ac6a,MISSING_HISTORY,5,MEDIUM
f692a60e-a51c-57e8-a012-3b44ce8e2a7d,MISSING_HISTORY,5,MEDIUM
f630a58a-3b2b-5a47-967b-13602d0a8d8e,MISSING_HISTORY,5,MEDIUM
f63053cf-0618-5487-aac8-ed636bf81ed3,MISSING_HISTORY,5,MEDIUM
f624bc78-445c-5c3e-a46a-57c39e7db04e,MISSING_HISTORY,5,MEDIUM
f62146d1-9907-5319-99db-489104fedfa1,MISSING_HISTORY,5,MEDIUM
f5fd2e08-f181-52ce-a2ae-ce8e21e04c62,MISSING_HISTORY,5,MEDIUM
f5fa6887-b4ee-5281-b95e-bcc585094537,MISSING_HISTORY,5,MEDIUM
f5db885e-e3e4-5920-b477-a1d6f36238fc,MISSING_HISTORY,5,MEDIUM
f59593e6-f598-51dc-95aa-14cec7cbb9ed,MISSING_HISTORY,5,MEDIUM
f57bb136-047c-504a-83b4-06fb4208c0a3,MISSING_HISTORY,5,MEDIUM
f5786cf1-2760-575e-96d5-78f92f12ce90,MISSING_HISTORY,5,MEDIUM
f56e3546-3c1f-56d2-a228-c588f0967a0f,MISSING_HISTORY,5,MEDIUM
f5569593-a58a-5c4f-91bd-f1c2752ca949,MISSING_HISTORY,5,MEDIUM
e297449e-7c9d-59ad-acec-53ab95ed74d9,MISSING_HISTORY,5,MEDIUM
e244f2b4-9c27-586e-b83e-311d0f9c5cef,MISSING_HISTORY,5,MEDIUM
c4e454dc-162f-55f7-baab-4731f60981e3,MISSING_HISTORY,5,MEDIUM
cd775cb1-5ce4-5a01-bf14-f66d75220e92,MISSING_HISTORY,5,MEDIUM
ce84b76a-25cc-56d1-a7c6-3aefd54de0b9,MISSING_HISTORY,5,MEDIUM
ce74590e-68d8-5018-9e3e-5fa87b0eb77c,MISSING_HISTORY,5,MEDIUM
ce674cfe-e115-5917-9b32-1cedab9f0706,MISSING_HISTORY,5,MEDIUM
ce56745d-c474-5bb4-918c-a5e05a036ccd,MISSING_HISTORY,5,MEDIUM
ce226124-f828-5716-955b-8733782f1abf,MISSING_HISTORY,5,MEDIUM
ce19a00f-295e-50b1-975d-fd53605101c7,MISSING_HISTORY,5,MEDIUM
ce190630-a109-50d2-9b6b-7e6701a04b38,MISSING_HISTORY,5,MEDIUM
cdf00fdc-5ad4-52d3-adb9-8d543bf56037,MISSING_HISTORY,5,MEDIUM
cd97cd03-60ee-53b5-bafe-46b28df9bf43,MISSING_HISTORY,5,MEDIUM
cd714ba7-fc4b-5a81-af78-b9d0eceba91d,MISSING_HISTORY,5,MEDIUM
ceb2cd07-1217-5dfe-8bc3-4a373572f22d,MISSING_HISTORY,5,MEDIUM
cd6668b2-5fb6-5ed4-852e-0df5a07ea670,MISSING_HISTORY,5,MEDIUM
cd57befe-ed98-5ced-9a17-4b473b3bfcce,MISSING_HISTORY,5,MEDIUM
cd40174c-1f69-50de-8e3d-e8d61d038af8,MISSING_HISTORY,5,MEDIUM
cd2a0cf2-485f-529a-b503-aafde4c635c5,MISSING_HISTORY,5,MEDIUM
ccf03e0d-9e60-5064-838a-778c764c4761,MISSING_HISTORY,5,MEDIUM
cce913c4-2670-5de6-80ad-b12effe803e9,MISSING_HISTORY,5,MEDIUM
ccd783c3-9e31-529f-a570-a04645ed8873,MISSING_HISTORY,5,MEDIUM
ccc767a9-2963-5e1f-b968-311f78c3e59e,MISSING_HISTORY,5,MEDIUM
cc7525cc-4185-53a6-a7cf-ba4693421860,MISSING_HISTORY,5,MEDIUM
cea17ace-462b-50c5-9966-77ea91d1454f,MISSING_HISTORY,5,MEDIUM
cee8a4b4-5473-580c-933e-815639b2f3fd,MISSING_HISTORY,5,MEDIUM
cbf87927-98cd-52d9-89ec-4e15e3086889,MISSING_HISTORY,5,MEDIUM
d136ec7a-8295-5731-bcb6-094989798c6c,MISSING_HISTORY,5,MEDIUM
d33b425f-7fdc-59d9-96c6-ac13cc12222c,MISSING_HISTORY,5,MEDIUM
d2bd51d6-f24b-5207-8033-4a2fbc643f18,MISSING_HISTORY,5,MEDIUM
d2b44e0d-1ae5-56f7-9545-8b3cbe6a8879,MISSING_HISTORY,5,MEDIUM
d295cfa8-d2a3-55f9-9489-1d134b7b2c88,MISSING_HISTORY,5,MEDIUM
d27611c8-288f-5428-a72e-e4f4e1e12232,MISSING_HISTORY,5,MEDIUM
d2215a35-f7b6-5f9e-be28-98d139acef97,MISSING_HISTORY,5,MEDIUM
d21a1b6e-6f6b-5be1-acb8-97ea0ffab253,MISSING_HISTORY,5,MEDIUM
d1dd5388-3d44-5e1b-9795-9686cc78d382,MISSING_HISTORY,5,MEDIUM
d140adea-bf62-57e7-88d6-d8d41f2dc994,MISSING_HISTORY,5,MEDIUM
d1182285-2a43-5fac-8c62-1e831662a522,MISSING_HISTORY,5,MEDIUM
ceec4209-8ae2-5f68-80ff-7c6c58870a97,MISSING_HISTORY,5,MEDIUM
d0f20ba3-7eec-5636-a55e-28e9190ed4a8,MISSING_HISTORY,5,MEDIUM
d063b7ce-b907-51df-831a-c65c869fe81a,MISSING_HISTORY,5,MEDIUM
d041dd69-155b-5c3e-8d65-ae12fb9c8e8a,MISSING_HISTORY,5,MEDIUM
cfeed96d-0d54-5229-b532-b9fa479cd1af,MISSING_HISTORY,5,MEDIUM
cfaf8843-c960-5cb9-b88b-adbb9084f0da,MISSING_HISTORY,5,MEDIUM
cf869c0e-6893-58f8-99ba-a65ed40faebd,MISSING_HISTORY,5,MEDIUM
cf80bc78-62c1-57d6-a25c-db8898f75e62,MISSING_HISTORY,5,MEDIUM
cf676ce6-d2f9-5ebb-b700-35f51d51bee2,MISSING_HISTORY,5,MEDIUM
cf26a999-ef49-5b73-adf7-38f8dd81a039,MISSING_HISTORY,5,MEDIUM
cc3fbc3c-c511-58c0-9686-5b99f8fa60cc,MISSING_HISTORY,5,MEDIUM
cbe381d4-d75e-5ac0-af1f-27a0da0425bf,MISSING_HISTORY,5,MEDIUM
e23b96a3-e182-51bd-ba68-f579510c6612,MISSING_HISTORY,5,MEDIUM
c6976cca-61e6-5b40-9f17-05ca3c3f8688,MISSING_HISTORY,5,MEDIUM
c771c2b5-3cda-5de2-a5d9-7764f43275f9,MISSING_HISTORY,5,MEDIUM
c7675456-0e8f-5f15-b3de-156d88c9f211,MISSING_HISTORY,5,MEDIUM
c7668516-e9ad-591f-ad75-59618f44f1c6,MISSING_HISTORY,5,MEDIUM
c74ca388-cfde-5678-b680-91d328c7e947,MISSING_HISTORY,5,MEDIUM
c7493626-3cb1-5f87-b147-65cac2462300,MISSING_HISTORY,5,MEDIUM
c7394b86-4687-5351-9e44-b7a1a0b86480,MISSING_HISTORY,5,MEDIUM
c6f6f81e-2cfc-5e0a-8fe4-70be47f6ec28,MISSING_HISTORY,5,MEDIUM
c6d70f2f-5044-5e40-b534-798a2b0c3514,MISSING_HISTORY,5,MEDIUM
c6abc1d8-2e21-56af-8bc4-e50ed7b1eb28,MISSING_HISTORY,5,MEDIUM
c67ec61f-1133-5f30-a42c-1967a364acc1,MISSING_HISTORY,5,MEDIUM
c7a48545-46b9-50af-bde1-04b85739750c,MISSING_HISTORY,5,MEDIUM
c658c878-a32a-582f-b63f-8d944779d11f,MISSING_HISTORY,5,MEDIUM
c648378e-b9dd-51c4-8bf5-c10b2fb0e112,MISSING_HISTORY,5,MEDIUM
c6242222-9871-585c-8235-e6f80fe10811,MISSING_HISTORY,5,MEDIUM
c5d87742-ada3-5457-a65e-6f342ce6feb0,MISSING_HISTORY,5,MEDIUM
c59b8ffa-c1b7-5951-8bcb-f2aaebe90410,MISSING_HISTORY,5,MEDIUM
c56ecd66-cfac-50c6-a2b4-8ce364e9dd47,MISSING_HISTORY,5,MEDIUM
c5621dd6-702d-5648-bcfb-f201b1c8c229,MISSING_HISTORY,5,MEDIUM
c50a4271-d969-53f7-bc33-984aa9007a0c,MISSING_HISTORY,5,MEDIUM
c4e76dd4-5ab4-5acc-a60b-e436a13f9027,MISSING_HISTORY,5,MEDIUM
c78c5c5b-1dc7-5b0f-8977-c84cebf7a18a,MISSING_HISTORY,5,MEDIUM
c7a71c99-0670-5c68-b662-27ee188d904b,MISSING_HISTORY,5,MEDIUM
cbe10376-7a69-580d-a33d-34b5c0e4599e,MISSING_HISTORY,5,MEDIUM
c9d87cd5-d0dd-5316-ac32-2e588f905974,MISSING_HISTORY,5,MEDIUM
cbd299c6-b1d3-5906-a5dd-2f63214f0184,MISSING_HISTORY,5,MEDIUM
cb783fd8-73f5-56dd-b2f1-3fd82976593f,MISSING_HISTORY,5,MEDIUM
cb5dae59-6180-5551-a3d8-160067a9014e,MISSING_HISTORY,5,MEDIUM
cb40c8ef-da82-5ce3-9f0f-34d1ff1cef07,MISSING_HISTORY,5,MEDIUM
cb29bcb4-00fe-5bcd-a418-74a9009eb69b,MISSING_HISTORY,5,MEDIUM
cb14a994-08a9-5427-9494-6d7701ad1a48,MISSING_HISTORY,5,MEDIUM
cb0e6af7-cf69-51a2-a0b5-9844141f4568,MISSING_HISTORY,5,MEDIUM
cae04e7d-3d1c-5662-9183-f155c4a1feef,MISSING_HISTORY,5,MEDIUM
caa2f41d-0268-503b-a9f6-3c89c3db0082,MISSING_HISTORY,5,MEDIUM
c9beb473-c8de-5516-bc30-ddb239ef9209,MISSING_HISTORY,5,MEDIUM
c7debcc0-1a92-5a97-9278-5b4c3c8ce401,MISSING_HISTORY,5,MEDIUM
c9b5cc75-ad7b-5b6f-986a-9e9fe591bd73,MISSING_HISTORY,5,MEDIUM
c95dcae1-badf-5029-9da9-e15bc8b8b9b6,MISSING_HISTORY,5,MEDIUM
c9045c39-7520-5995-908c-02b9ad67790f,MISSING_HISTORY,5,MEDIUM
c8daa064-c64a-5b4d-b5bb-2b26c4bd4eba,MISSING_HISTORY,5,MEDIUM
c8bdf2df-d8f7-57f2-ae76-700d3166bd0b,MISSING_HISTORY,5,MEDIUM
c86b6a10-4951-5fa1-b221-ac91c35ac776,MISSING_HISTORY,5,MEDIUM
c8457976-3339-54d3-a645-d4a78772152e,MISSING_HISTORY,5,MEDIUM
c8375688-9e75-5ad4-8de9-1bd2d386dddc,MISSING_HISTORY,5,MEDIUM
c7f1dd70-ee8e-5bf2-bbc5-fe256138a7b6,MISSING_HISTORY,5,MEDIUM
d3a49ddd-8bfe-5f56-989a-3b51fbdd091b,MISSING_HISTORY,5,MEDIUM
d3ae9dcd-79b4-567e-b8a3-ddc2eead8ffe,MISSING_HISTORY,5,MEDIUM
d3be87e3-bca1-5639-b19e-4a76143c65fc,MISSING_HISTORY,5,MEDIUM
dcd28a50-e478-5947-ab39-e668119b3bb4,MISSING_HISTORY,5,MEDIUM
dd8adb4c-5c3f-52f9-8571-549e0042a26e,MISSING_HISTORY,5,MEDIUM
dd857509-ed88-5229-a2e5-04031f09225e,MISSING_HISTORY,5,MEDIUM
dd4d28d7-f86a-5fdf-855a-d755f0117bf6,MISSING_HISTORY,5,MEDIUM
dd301581-992e-5334-b349-6a07c02c52b9,MISSING_HISTORY,5,MEDIUM
dd211103-361a-5e8e-9543-b3502db6a422,MISSING_HISTORY,5,MEDIUM
dd201d04-525a-504b-9468-e8dfeab1fc2b,MISSING_HISTORY,5,MEDIUM
dd04520d-e406-5efa-ae75-083c0b1f3cf6,MISSING_HISTORY,5,MEDIUM
dd000d46-62bf-5be9-8373-30ab99922e06,MISSING_HISTORY,5,MEDIUM
dce03bf3-6092-581a-8517-95fd8bde6168,MISSING_HISTORY,5,MEDIUM
dcc402b2-9b8f-51a2-8cdb-9493487002e2,MISSING_HISTORY,5,MEDIUM
ddd8b27e-02ad-52ee-8b14-f53c3bdf0e7c,MISSING_HISTORY,5,MEDIUM
dcbdaa72-3537-5495-b994-846af131bdee,MISSING_HISTORY,5,MEDIUM
dcaeff52-7af8-527b-b2a9-c2b7ac0a6309,MISSING_HISTORY,5,MEDIUM
dca5e06c-cfbd-5b73-8bbf-685a3de18ddc,MISSING_HISTORY,5,MEDIUM
dc810887-8fec-58f1-bec4-46abb1b57229,MISSING_HISTORY,5,MEDIUM
dc6c59ef-fa5e-58a4-9cf5-befe568fa46a,MISSING_HISTORY,5,MEDIUM
dc3569b0-97a9-5cdc-a429-78c97ffa57ae,MISSING_HISTORY,5,MEDIUM
dbea38c7-9f11-5200-a3c6-29ccb8d60f9a,MISSING_HISTORY,5,MEDIUM
dbdbab97-48fc-55e0-a70d-54ba2018dc3f,MISSING_HISTORY,5,MEDIUM
dbc4f659-78e9-5176-9d4b-46f2c54ebf8d,MISSING_HISTORY,5,MEDIUM
dd958f17-edd6-5c0e-915e-04462f609265,MISSING_HISTORY,5,MEDIUM
ddebfed1-ae5f-58ea-b644-8b9954061941,MISSING_HISTORY,5,MEDIUM
d3c80cb2-1ec6-545a-9257-8bbd3a86d877,MISSING_HISTORY,5,MEDIUM
dfdb1d50-d51a-53e3-acf6-a17031063172,MISSING_HISTORY,5,MEDIUM
e1c97eeb-0f12-5631-9f05-f42b56b4dd1f,MISSING_HISTORY,5,MEDIUM
e1c217c2-2c17-5f6b-8406-e4e9ec135371,MISSING_HISTORY,5,MEDIUM
e1b51dee-a6ae-525f-a897-479302b4eb84,MISSING_HISTORY,5,MEDIUM
e17ee192-c0d1-5b47-9dc1-f54eacf5cffd,MISSING_HISTORY,5,MEDIUM
e1716b1d-c9a0-5f51-91b7-9ae460181c9a,MISSING_HISTORY,5,MEDIUM
e0cf0f8d-cfd7-58af-8f44-55c4d29698ff,MISSING_HISTORY,5,MEDIUM
e0c25f53-ec05-53e7-a022-34856a6cd590,MISSING_HISTORY,5,MEDIUM
e08ee825-9b92-5b45-9070-2f0abd0efd73,MISSING_HISTORY,5,MEDIUM
e0034971-e249-53ff-9a08-7c0632fb80f2,MISSING_HISTORY,5,MEDIUM
dfc1d200-5268-5908-9d51-ac40db1ac760,MISSING_HISTORY,5,MEDIUM
ddf9985b-39e6-5c28-9331-74c2905425f0,MISSING_HISTORY,5,MEDIUM
df4f6683-6073-59c2-8b13-db8cb14c5518,MISSING_HISTORY,5,MEDIUM
df337c8c-0efb-5a57-b469-e244ff9fe485,MISSING_HISTORY,5,MEDIUM
df29a210-f42c-5113-81f8-b57549fa4149,MISSING_HISTORY,5,MEDIUM
df0f96b0-889f-5eae-93ae-028ae1edcacf,MISSING_HISTORY,5,MEDIUM
dee316fd-730b-505f-8192-c3abebaa63b0,MISSING_HISTORY,5,MEDIUM
dec41b6c-fc1d-5659-95e1-da9262145cc5,MISSING_HISTORY,5,MEDIUM
de866c8e-30b5-507e-9bd7-2a8b6de751cc,MISSING_HISTORY,5,MEDIUM
de6619e1-ab67-5e0f-b487-c0439f5dce6f,MISSING_HISTORY,5,MEDIUM
de50b62b-e749-58ae-ac6b-7dcfa3556e24,MISSING_HISTORY,5,MEDIUM
dba131c4-c1cb-528a-9779-cff5df919bb2,MISSING_HISTORY,5,MEDIUM
db9a113f-4eeb-5639-8ef6-5d9fc825ae25,MISSING_HISTORY,5,MEDIUM
db93eec2-39b2-501a-8194-db46cf384d66,MISSING_HISTORY,5,MEDIUM
d57e10d3-4042-571c-aafd-d7a42c59a800,MISSING_HISTORY,5,MEDIUM
d65c75c9-5bde-5ec9-9efb-d4a75b2e3f32,MISSING_HISTORY,5,MEDIUM
d65a08ef-9c66-51fc-9749-d6e384bf7678,MISSING_HISTORY,5,MEDIUM
d655935c-241c-553a-9bf6-5d536aefdcc4,MISSING_HISTORY,5,MEDIUM
d64a82a2-897b-5fdb-bc10-e17b1df2afec,MISSING_HISTORY,5,MEDIUM
d636b4bd-6e9f-5c17-8182-027819cdbc54,MISSING_HISTORY,5,MEDIUM
d6339b9e-9be8-5d13-8ca1-2a73c04db6aa,MISSING_HISTORY,5,MEDIUM
d5ede0eb-6832-54dc-b021-81eb3662f4c7,MISSING_HISTORY,5,MEDIUM
d5c5123e-717b-5c10-b5a4-6e6a46dd3cc4,MISSING_HISTORY,5,MEDIUM
d5812ac0-bf0a-50cf-b1b7-b8bc152b6967,MISSING_HISTORY,5,MEDIUM
d537dbdf-fee4-5785-8970-d384a817e103,MISSING_HISTORY,5,MEDIUM
db4d501a-fc20-5165-97e6-63c1316ce164,MISSING_HISTORY,5,MEDIUM
d526421f-acc3-5dee-9119-9888b0941336,MISSING_HISTORY,5,MEDIUM
d4feed6e-30ba-5359-bc5c-34b25afb2e2e,MISSING_HISTORY,5,MEDIUM
d4dcaaf4-da56-59bd-a6f3-ff22e78464b0,MISSING_HISTORY,5,MEDIUM
d4dc2dda-0de8-5a87-b53e-0d0a4d43f542,MISSING_HISTORY,5,MEDIUM
d4aec3cf-8b76-55f5-b1da-f7c151fdeaa9,MISSING_HISTORY,5,MEDIUM
d48653ea-468c-5323-98dc-e2be9eb171b2,MISSING_HISTORY,5,MEDIUM
d46406da-0085-5a1f-b154-b27b87667d9c,MISSING_HISTORY,5,MEDIUM
d432e2af-39fe-530c-8860-423944162d41,MISSING_HISTORY,5,MEDIUM
d3ee30d1-34b1-5389-b774-0d314218e223,MISSING_HISTORY,5,MEDIUM
d68ba714-d153-5d72-a14e-d138344ab5bc,MISSING_HISTORY,5,MEDIUM
d6961ec8-7baf-50e3-b786-f0131ba61800,MISSING_HISTORY,5,MEDIUM
d6a911c4-f7c1-5f1f-9425-7f3510d1ae8a,MISSING_HISTORY,5,MEDIUM
d72a42f4-42db-5db4-b5b6-611fc77cc2c2,MISSING_HISTORY,5,MEDIUM
db49b602-037c-5c77-b786-753452fcc9e0,MISSING_HISTORY,5,MEDIUM
db148d59-5e64-53c7-901f-406256811078,MISSING_HISTORY,5,MEDIUM
dad17f7a-789f-520a-9c96-c23557da82f2,MISSING_HISTORY,5,MEDIUM
dac3b237-b117-52c5-940f-92d4795aa6e0,MISSING_HISTORY,5,MEDIUM
d9d5eb5c-a97e-5994-9f56-fb4dc41419b2,MISSING_HISTORY,5,MEDIUM
d9c8b9cd-acd0-5822-9073-ed262c2474f9,MISSING_HISTORY,5,MEDIUM
d98a5f30-4931-5597-afa4-2f0e293cdd74,MISSING_HISTORY,5,MEDIUM
d950ea0a-1bf5-5669-9e55-cc1cdc01b482,MISSING_HISTORY,5,MEDIUM
d909f92b-7839-55ed-8006-90dd3d443d61,MISSING_HISTORY,5,MEDIUM
d8f96217-bfc7-52f8-a5d3-13bd0eff681b,MISSING_HISTORY,5,MEDIUM
d8d9034d-7cf6-58fc-bb0a-0ee44a7da187,MISSING_HISTORY,5,MEDIUM
d83baa86-4281-5a99-963d-45a994d0ac2f,MISSING_HISTORY,5,MEDIUM
d80d4657-5934-5047-8ab0-43c6fa7f7d49,MISSING_HISTORY,5,MEDIUM
d7fd0cd5-cde2-56bf-a568-16e66943a44b,MISSING_HISTORY,5,MEDIUM
d7bdc495-118c-50e2-a1ba-93ad7294fe78,MISSING_HISTORY,5,MEDIUM
d77fdb1c-53fc-55bd-bdc4-bbfc60e908f5,MISSING_HISTORY,5,MEDIUM
d7496c35-8171-59a2-8f97-c4a9757fb5f1,MISSING_HISTORY,5,MEDIUM
d7448bba-d678-52cb-95a6-71b819a110ef,MISSING_HISTORY,5,MEDIUM
d72b939a-aa08-58b6-ba44-3f53aecc9ac9,MISSING_HISTORY,5,MEDIUM
7fcef4d8-b819-59c7-8631-a861103c0ffa,MISSING_HISTORY,5,MEDIUM
7fbc5862-9a99-592a-a4a8-3f576f7bc6a9,MISSING_HISTORY,5,MEDIUM
7fc80f88-e372-5c35-97b5-2a31f2f54ef3,MISSING_HISTORY,5,MEDIUM
29b3b094-5a3c-59d8-b9f5-5e123a1c640b,MISSING_HISTORY,5,MEDIUM
2af0fdc8-f447-5643-b699-26e27d36feed,MISSING_HISTORY,5,MEDIUM
2aca5568-4819-5364-a97a-83217272fc36,MISSING_HISTORY,5,MEDIUM
2a773d91-bc2c-5e74-8d04-7bdd54634d5b,MISSING_HISTORY,5,MEDIUM
2a470bf4-ee1f-5ba8-a3fe-998b6827cb4d,MISSING_HISTORY,5,MEDIUM
2a45ad28-db1f-5d9b-89bc-7215aa116061,MISSING_HISTORY,5,MEDIUM
2a1aa9c9-0200-5038-a0ea-aa6ac71dcb14,MISSING_HISTORY,5,MEDIUM
29ec9b08-bdfb-5159-8335-7d22290225c4,MISSING_HISTORY,5,MEDIUM
29c56e57-ed60-570e-be77-5d0696c8fe71,MISSING_HISTORY,5,MEDIUM
29b78f4f-a930-5fcc-a060-57d5cc2c2a85,MISSING_HISTORY,5,MEDIUM
28f91ee5-34a0-5eaa-b56f-936f1cc2ff37,MISSING_HISTORY,5,MEDIUM
2b16155f-980f-5751-a8e0-19e40e16b2f0,MISSING_HISTORY,5,MEDIUM
28d8a85b-6e5e-50df-96b9-3cbf4f53cfe2,MISSING_HISTORY,5,MEDIUM
283d78ee-dc62-5664-ae74-45e8351bae94,MISSING_HISTORY,5,MEDIUM
28362beb-0317-53a5-a2f6-997f3e5e480a,MISSING_HISTORY,5,MEDIUM
281f8704-5533-57d4-b17c-e3791a71dc26,MISSING_HISTORY,5,MEDIUM
28167faa-caa2-5a5f-ab45-cccbca07ec1d,MISSING_HISTORY,5,MEDIUM
27f56284-cff6-5817-8044-a9a379f852fc,MISSING_HISTORY,5,MEDIUM
27c99937-a828-52dd-85c3-81661a776511,MISSING_HISTORY,5,MEDIUM
27b8e5cb-7008-505f-bb3c-d378f255dd2a,MISSING_HISTORY,5,MEDIUM
27a14594-d5de-57f6-8858-987f2d93403d,MISSING_HISTORY,5,MEDIUM
2b138d06-6529-5ef4-8141-c42ee2c975e0,MISSING_HISTORY,5,MEDIUM
2b2b56fa-67a1-54c1-8722-8998e73c2c3c,MISSING_HISTORY,5,MEDIUM
275b0435-ebe4-5c1d-9c58-5c2cfe361f60,MISSING_HISTORY,5,MEDIUM
2d1efcc9-8d41-5ffd-8d17-d7c7f283cdeb,MISSING_HISTORY,5,MEDIUM
2e932389-bf0b-53ee-bb47-0ea3b699aca8,MISSING_HISTORY,5,MEDIUM
2e7b88e5-8b8a-5d48-8e9a-e6eff0e926c9,MISSING_HISTORY,5,MEDIUM
2e61180d-c995-5293-9083-710168ef83a1,MISSING_HISTORY,5,MEDIUM
2e585465-0e3d-5375-95c2-17f20c044238,MISSING_HISTORY,5,MEDIUM
2e5146e9-9b65-52cb-b321-a7aad677db63,MISSING_HISTORY,5,MEDIUM
2e472c76-0b0c-5045-b8f5-999bdbd00312,MISSING_HISTORY,5,MEDIUM
2e41a714-bf02-5153-af9a-e9fd038c4ae3,MISSING_HISTORY,5,MEDIUM
2df58e1a-25fb-545b-8535-444275cae922,MISSING_HISTORY,5,MEDIUM
2dc6099c-7cd1-5574-a96c-09372e449260,MISSING_HISTORY,5,MEDIUM
2cd49c79-97af-536d-8c8a-66c48310a0d3,MISSING_HISTORY,5,MEDIUM
2b5529b3-39df-542b-89bb-14799d84ffa7,MISSING_HISTORY,5,MEDIUM
2cc0fc28-1a86-548a-891a-9ad0a0d98a8b,MISSING_HISTORY,5,MEDIUM
2c8da1a5-67e7-5bff-b5f8-001158fbdcf1,MISSING_HISTORY,5,MEDIUM
2c60174b-d894-5519-a157-013111d1955d,MISSING_HISTORY,5,MEDIUM
2c4dcd34-66e2-58dd-a159-adff4fb3b5a9,MISSING_HISTORY,5,MEDIUM
2c2a4ace-4b29-5bbb-a339-312b6dbdf0f0,MISSING_HISTORY,5,MEDIUM
2c055851-2469-51ab-8b20-d1eacd8d68e2,MISSING_HISTORY,5,MEDIUM
2bf193bf-18f5-5363-9c52-c2d70e3efebe,MISSING_HISTORY,5,MEDIUM
2b7cb09c-2841-5d51-bf67-87808de2f3ba,MISSING_HISTORY,5,MEDIUM
2b6fe94f-9807-5154-b2f1-d2f767cc5878,MISSING_HISTORY,5,MEDIUM
27757700-667f-5a6d-8edd-f59541518b06,MISSING_HISTORY,5,MEDIUM
264ce804-2180-517c-bbdb-22088a7123e0,MISSING_HISTORY,5,MEDIUM
1e7e32ec-9c77-5b7a-8025-58e34b71c235,MISSING_HISTORY,5,MEDIUM
20165932-0b7a-5b92-a400-23cbdaee3597,MISSING_HISTORY,5,MEDIUM
2128d86b-6f10-5a0d-a0cb-46aa86fb44f8,MISSING_HISTORY,5,MEDIUM
20f21e08-6e6f-589a-99d6-44e7dabe4ab5,MISSING_HISTORY,5,MEDIUM
20e202fb-207c-536a-9d0e-f9a546f31d30,MISSING_HISTORY,5,MEDIUM
20e1916a-edc0-5f40-bc94-403b54570293,MISSING_HISTORY,5,MEDIUM
20d3b4ee-d1f3-5c35-98e2-8d39894c254c,MISSING_HISTORY,5,MEDIUM
20b71f9b-9d78-5ce5-87ee-d676c179a16b,MISSING_HISTORY,5,MEDIUM
20ae357c-aca3-5009-b652-597aefd42c9e,MISSING_HISTORY,5,MEDIUM
207407ae-8a34-5b27-83f8-4eaadfa54b71,MISSING_HISTORY,5,MEDIUM
20667bbf-0ec2-5191-a7e3-08fd93b78806,MISSING_HISTORY,5,MEDIUM
1ffdd57d-9601-58b6-a793-18afe539176e,MISSING_HISTORY,5,MEDIUM
2199e063-16f2-5155-b92a-4f5b1b045d53,MISSING_HISTORY,5,MEDIUM
1fdbc0b6-a5fc-5782-b095-40180223ea04,MISSING_HISTORY,5,MEDIUM
1fbd517f-77ae-5dc7-81ff-f6b220573182,MISSING_HISTORY,5,MEDIUM
1fb67b8d-c912-542f-82e9-56b20edb10a6,MISSING_HISTORY,5,MEDIUM
1f5ceab8-f727-5563-a838-42e3f0b32f44,MISSING_HISTORY,5,MEDIUM
1f046bf8-fae1-5d80-8e38-2434625051b2,MISSING_HISTORY,5,MEDIUM
1ef8543d-ffde-504d-864b-9eb29bd0fd9b,MISSING_HISTORY,5,MEDIUM
1eea821a-f9a5-5981-bd02-7dced0ef2fd1,MISSING_HISTORY,5,MEDIUM
1eb54ec3-c6ba-594b-892c-44a42c235487,MISSING_HISTORY,5,MEDIUM
1eae18a0-a6ff-5090-b6a9-6592756c0b56,MISSING_HISTORY,5,MEDIUM
213c6053-dcbb-59e7-82f5-92b3440773aa,MISSING_HISTORY,5,MEDIUM
21e0cba5-2570-5b0c-acd5-10c00fda0bc4,MISSING_HISTORY,5,MEDIUM
26055da1-e8dc-59c1-90ee-a51a49e4251d,MISSING_HISTORY,5,MEDIUM
246a3eda-1937-5097-9aa9-f468d064a286,MISSING_HISTORY,5,MEDIUM
25ce187f-a12f-5658-af01-af6b8049c70a,MISSING_HISTORY,5,MEDIUM
2584dd7e-a366-586e-b3d3-f3c151ffc612,MISSING_HISTORY,5,MEDIUM
25786f7c-12eb-570a-bd7e-a9bb108e2501,MISSING_HISTORY,5,MEDIUM
252c43d1-86da-5c5e-b02d-f7ce1385ebe2,MISSING_HISTORY,5,MEDIUM
25249091-85e3-5161-8650-a5d661dd7037,MISSING_HISTORY,5,MEDIUM
24fdf637-c115-54b2-8d3c-19837ef192a6,MISSING_HISTORY,5,MEDIUM
24ee2997-7651-5831-bea3-b24c837a3c46,MISSING_HISTORY,5,MEDIUM
24a5c743-1e92-5fde-9c2a-928bd957883d,MISSING_HISTORY,5,MEDIUM
247eb7bf-549b-58e5-93c5-031d8eee885f,MISSING_HISTORY,5,MEDIUM
2458ea19-b18a-5a86-981f-64b5512f1482,MISSING_HISTORY,5,MEDIUM
2206a020-035c-5fcb-967d-58c2fa67f799,MISSING_HISTORY,5,MEDIUM
243105d5-601f-562f-8b2f-f1adf6623ce4,MISSING_HISTORY,5,MEDIUM
23c4fa0a-c84c-5c69-b820-df5054a6de79,MISSING_HISTORY,5,MEDIUM
233f0bbf-2352-51a0-925c-4f00bb027b92,MISSING_HISTORY,5,MEDIUM
232245cb-6a57-5717-9a62-96e39fa62cac,MISSING_HISTORY,5,MEDIUM
229f1398-e420-56ad-beb5-840976f87e90,MISSING_HISTORY,5,MEDIUM
225f5de3-f7de-5c48-834e-57db54a525e5,MISSING_HISTORY,5,MEDIUM
2247dc02-61d1-51d2-9b18-71ef775dfaf6,MISSING_HISTORY,5,MEDIUM
222893d9-95df-51d8-b441-44a4501493d8,MISSING_HISTORY,5,MEDIUM
221b4ed7-1ced-576c-bd31-df3b29baeb27,MISSING_HISTORY,5,MEDIUM
2ea5e045-f6c8-5b94-9757-87643dd9bfdc,MISSING_HISTORY,5,MEDIUM
2eb4d917-cca9-5d09-bb56-a5014cc4bc05,MISSING_HISTORY,5,MEDIUM
2eec6055-ecd3-5981-9101-52ff72097e1b,MISSING_HISTORY,5,MEDIUM
384e6325-0ce9-5680-aa01-da2b2cafa412,MISSING_HISTORY,5,MEDIUM
3a2cacf5-a8ef-547b-a4ea-a106af71dafc,MISSING_HISTORY,5,MEDIUM
39eff4c0-6d27-5e88-8761-fbd5323248c1,MISSING_HISTORY,5,MEDIUM
39bef4f2-5b06-57d7-8e16-fe552cd824a7,MISSING_HISTORY,5,MEDIUM
39b949c4-735f-5189-97c5-c5b9ef5239e2,MISSING_HISTORY,5,MEDIUM
39ac202b-b5a1-5dac-8ecd-e09a70a9ce06,MISSING_HISTORY,5,MEDIUM
38f1fa8c-2858-59a8-ad16-5e6a8bae6e48,MISSING_HISTORY,5,MEDIUM
38690d6f-5041-504d-a273-fdae93649e2d,MISSING_HISTORY,5,MEDIUM
3861812f-20e9-549b-9f21-f90c7fea1f44,MISSING_HISTORY,5,MEDIUM
385eccfd-06af-5ccf-a56b-e5e6c67f6be7,MISSING_HISTORY,5,MEDIUM
384c35d9-3fe1-517b-911c-49c3a0929433,MISSING_HISTORY,5,MEDIUM
3a4496ac-5091-5c36-b71f-b6220a5965c5,MISSING_HISTORY,5,MEDIUM
382696c7-ccd4-505f-ab72-f6e880b3c076,MISSING_HISTORY,5,MEDIUM
37d90acc-b062-5b14-be6a-8e201fb1f25f,MISSING_HISTORY,5,MEDIUM
37a999f1-ff81-5f88-aae0-247344524878,MISSING_HISTORY,5,MEDIUM
3774a89d-40fe-5ba5-8e72-72360cf05b83,MISSING_HISTORY,5,MEDIUM
3755f52c-8990-5955-910f-4d02fa59a2d8,MISSING_HISTORY,5,MEDIUM
37338030-c9ee-5b5c-8103-d9ae6e05e4b3,MISSING_HISTORY,5,MEDIUM
37061f35-b238-5fc1-adf0-9de6c8c7554b,MISSING_HISTORY,5,MEDIUM
36cb8b81-00d2-5433-9d8b-41f2f005072c,MISSING_HISTORY,5,MEDIUM
3664740b-ba9f-5916-ba44-50c6c7356f09,MISSING_HISTORY,5,MEDIUM
3a391f5d-fe9f-52a8-b611-2abee03287fe,MISSING_HISTORY,5,MEDIUM
3a6399cd-3263-51d4-9561-91177ad85710,MISSING_HISTORY,5,MEDIUM
2efdfecf-dbee-566f-8396-5c9b0188dfbc,MISSING_HISTORY,5,MEDIUM
3bf41df4-c994-51ae-8adf-9f8a5494c51a,MISSING_HISTORY,5,MEDIUM
3cbc154d-7d1a-56ce-a0d0-e91981165c15,MISSING_HISTORY,5,MEDIUM
3cbbbb89-5cfa-5d63-af77-1a16a5c876af,MISSING_HISTORY,5,MEDIUM
3cabd2fd-51b6-5fb5-aae0-f0c2910c3908,MISSING_HISTORY,5,MEDIUM
3c82b0a4-17f4-5669-8562-acd279cfaf7b,MISSING_HISTORY,5,MEDIUM
3c735b1f-0db6-5d28-b41c-6837c1eb4168,MISSING_HISTORY,5,MEDIUM
3c52d8d9-d354-5684-8ac4-d9a339f35fe1,MISSING_HISTORY,5,MEDIUM
3c4a867c-a0d6-5cec-958c-cb91f4795294,MISSING_HISTORY,5,MEDIUM
3c31caf5-6693-5c51-9cf8-0de6ebc5423d,MISSING_HISTORY,5,MEDIUM
3c2124ad-7729-5775-b166-1333983cbd7b,MISSING_HISTORY,5,MEDIUM
3becc628-91c6-5893-87f0-44bf5fdbdcc6,MISSING_HISTORY,5,MEDIUM
3a7bb27e-513b-5cb2-98c0-d687673aaf7b,MISSING_HISTORY,5,MEDIUM
3bc0ac04-26ed-5897-921e-a453109639e2,MISSING_HISTORY,5,MEDIUM
3b9bd40e-c5ac-5997-87db-cc4430b08c2a,MISSING_HISTORY,5,MEDIUM
3b9b88ce-7e54-5ff0-bd2e-26c6e2a33a76,MISSING_HISTORY,5,MEDIUM
3b9183fd-6255-50f6-94b7-cc4fdd9e3055,MISSING_HISTORY,5,MEDIUM
3b79ad81-ed1a-5782-b22e-43ab8e941008,MISSING_HISTORY,5,MEDIUM
3afda430-5e54-5443-9ec6-1ed943f00e6e,MISSING_HISTORY,5,MEDIUM
3afcce00-bd72-5ef4-bc81-6bcee7391081,MISSING_HISTORY,5,MEDIUM
3ae3be6e-adee-56eb-8caf-3ba6001826ec,MISSING_HISTORY,5,MEDIUM
3a9fb2d0-0c9a-526a-87e0-1859f310466b,MISSING_HISTORY,5,MEDIUM
36462cbb-b4a3-5878-aeb2-0472ddf80284,MISSING_HISTORY,5,MEDIUM
363e3024-8fd4-58e3-a373-536366a7dd8f,MISSING_HISTORY,5,MEDIUM
36365b93-3e95-59b7-9420-7c8257f6ff40,MISSING_HISTORY,5,MEDIUM
31032e49-b5d1-5c91-b3f7-c5f1a1a62436,MISSING_HISTORY,5,MEDIUM
32b66ff3-d3dc-5eeb-bdf5-ce2d3bfa6edb,MISSING_HISTORY,5,MEDIUM
32a6ef26-472b-5095-811f-9ba1e797247e,MISSING_HISTORY,5,MEDIUM
3277271f-f9bc-5c8e-b038-c6d62910fd6e,MISSING_HISTORY,5,MEDIUM
324785b0-2254-5234-87e4-8cbecd3d4ee6,MISSING_HISTORY,5,MEDIUM
32433f80-847a-5cba-9133-7e1faf1d39cc,MISSING_HISTORY,5,MEDIUM
31f37948-f279-55ac-a3d8-df40c80eac6f,MISSING_HISTORY,5,MEDIUM
31e64ac0-0a97-58db-9913-fd7368050b2c,MISSING_HISTORY,5,MEDIUM
31b59bb8-6ab1-555e-9839-4577f665115a,MISSING_HISTORY,5,MEDIUM
31745150-ccd6-5ed7-9787-77e64b69a3ba,MISSING_HISTORY,5,MEDIUM
30d26b8b-2ae3-5300-a3a1-d3b37a7b68ba,MISSING_HISTORY,5,MEDIUM
35f37f16-04ba-5b0e-bf17-9e094fcdbd1b,MISSING_HISTORY,5,MEDIUM
309dee4a-a353-5bbb-a23e-520c34aefe8d,MISSING_HISTORY,5,MEDIUM
30940378-f24e-5f9b-8be3-a4ae392d9cc6,MISSING_HISTORY,5,MEDIUM
30764f0c-715b-58d1-9d8e-136a810190f8,MISSING_HISTORY,5,MEDIUM
307298ab-c823-512c-b324-0712b076f824,MISSING_HISTORY,5,MEDIUM
2fd447f0-2ef1-516f-bb3d-a0b81980d272,MISSING_HISTORY,5,MEDIUM
2f8f1f30-7aaa-5e40-aa8d-217107a7121f,MISSING_HISTORY,5,MEDIUM
2f7cd474-5245-586a-b256-3f8388e94935,MISSING_HISTORY,5,MEDIUM
2f698268-46d0-5c9e-912c-f8ed8cd643b5,MISSING_HISTORY,5,MEDIUM
2f38be8d-3ba1-5e61-9dca-77a706217da3,MISSING_HISTORY,5,MEDIUM
32cf2f81-9e6a-5850-a34e-bbd97bfe9236,MISSING_HISTORY,5,MEDIUM
32edb69c-3c53-51fb-a495-537ee5e2cd2c,MISSING_HISTORY,5,MEDIUM
32f753ad-6c31-58f8-8978-95b66848a463,MISSING_HISTORY,5,MEDIUM
3314adc9-d995-5e79-9b49-c76414ae1662,MISSING_HISTORY,5,MEDIUM
35e602e1-3027-52cf-b2d8-4b572597d9cd,MISSING_HISTORY,5,MEDIUM
35ca6134-e120-502b-b400-e3a42d1d8a00,MISSING_HISTORY,5,MEDIUM
35c7eac9-5a6c-50da-9f4e-084564d477d1,MISSING_HISTORY,5,MEDIUM
35c4f6fa-7ea5-588c-8c11-1fcb8d61ffe4,MISSING_HISTORY,5,MEDIUM
3551949d-6e9d-5c0b-9457-59e982ef2417,MISSING_HISTORY,5,MEDIUM
34fc2f74-1ca9-567c-a4d9-516a5a0672a3,MISSING_HISTORY,5,MEDIUM
34e26e85-55d9-54a2-87ed-e8fb2d1860a8,MISSING_HISTORY,5,MEDIUM
34c2243a-1348-5fe5-8f8e-0486d210be8b,MISSING_HISTORY,5,MEDIUM
34a3fa5a-aa78-5987-bc0f-f5b48df603f5,MISSING_HISTORY,5,MEDIUM
3494a164-753d-562f-b755-a39b25e42e5b,MISSING_HISTORY,5,MEDIUM
3449efc1-3f38-5db4-b364-998677575cf6,MISSING_HISTORY,5,MEDIUM
33dd94d7-c376-58f0-9b7a-ad6966060673,MISSING_HISTORY,5,MEDIUM
33afb37b-7930-54c3-b182-0837eca4a1d8,MISSING_HISTORY,5,MEDIUM
33a1cb4d-3aa8-50d5-b411-49e2e45977d0,MISSING_HISTORY,5,MEDIUM
339cf236-ba21-5c10-9d01-c5dc94ace579,MISSING_HISTORY,5,MEDIUM
33985462-05d5-56cd-880b-7c2515f58dfe,MISSING_HISTORY,5,MEDIUM
334afea9-f095-5d2d-a6b1-03a8524cb27e,MISSING_HISTORY,5,MEDIUM
332d741a-3f67-598e-8113-f36253db475b,MISSING_HISTORY,5,MEDIUM
331564e2-9e9f-570c-af31-63ea5a8eb736,MISSING_HISTORY,5,MEDIUM
1ea5042d-f0e3-5d50-a0cf-b53bbe95c971,MISSING_HISTORY,5,MEDIUM
1e55dff5-9690-5792-b58f-91c8eabd2b12,MISSING_HISTORY,5,MEDIUM
00505bb8-8cde-5ba9-928d-eb62eb919e7b,MISSING_HISTORY,5,MEDIUM
0901736e-44bc-5ddc-9887-3829ce1304e5,MISSING_HISTORY,5,MEDIUM
0abaa53d-c04f-5a1d-9025-fa09b9ba781c,MISSING_HISTORY,5,MEDIUM
0a767405-692e-552c-a8e6-e3c693ed85ed,MISSING_HISTORY,5,MEDIUM
0a649ddd-76df-53f5-8fd9-25dcada2d30c,MISSING_HISTORY,5,MEDIUM
0a4d4bc5-984b-583c-9b41-2aeadff12db7,MISSING_HISTORY,5,MEDIUM
0a2ec9fa-e54f-5963-a8be-030d620a7362,MISSING_HISTORY,5,MEDIUM
0a2c0dbb-458d-5fee-9310-dc380118c99e,MISSING_HISTORY,5,MEDIUM
0a21543a-cbca-5f13-ba27-52b907324a3d,MISSING_HISTORY,5,MEDIUM
09b06257-c631-56a5-aaae-76d29c236cb2,MISSING_HISTORY,5,MEDIUM
0954b4c3-c2ed-545e-af44-e9324c8f4f2e,MISSING_HISTORY,5,MEDIUM
08b0ad41-ef83-5fa2-aedc-3e324d9de1a3,MISSING_HISTORY,5,MEDIUM
0ad19fac-3929-52fe-93fd-73d59c0f16bd,MISSING_HISTORY,5,MEDIUM
08a50982-1b9a-58dd-b41c-f0a1506b09ec,MISSING_HISTORY,5,MEDIUM
08566415-a075-5705-9c67-575c4ba5fa79,MISSING_HISTORY,5,MEDIUM
08453d87-9433-551e-9bf4-7b46da0911a7,MISSING_HISTORY,5,MEDIUM
0815bee4-ae99-5de5-8aed-60c44d98fe5a,MISSING_HISTORY,5,MEDIUM
07d0b1ec-3fea-5604-8d76-18bad0c23d36,MISSING_HISTORY,5,MEDIUM
079493fa-f762-5ed7-8e5a-c10992746de6,MISSING_HISTORY,5,MEDIUM
076b3cb0-1f80-5255-9d04-4493acd8186f,MISSING_HISTORY,5,MEDIUM
075df21b-78a2-5cd0-a905-89152f169c07,MISSING_HISTORY,5,MEDIUM
0759e9d6-c4e0-57a3-8871-d37978c4c94b,MISSING_HISTORY,5,MEDIUM
0abb351d-4a48-5528-bd05-2827073045dc,MISSING_HISTORY,5,MEDIUM
0adf634a-aeaa-5ead-9226-579742300709,MISSING_HISTORY,5,MEDIUM
0738aca1-b613-5ec5-af27-ace9c6593cfc,MISSING_HISTORY,5,MEDIUM
0e100f58-b0c7-53af-8b9a-ec9bc4fbb00f,MISSING_HISTORY,5,MEDIUM
1007eb6a-0f46-58cd-b282-282470437654,MISSING_HISTORY,5,MEDIUM
0feaaad7-36d8-51d1-a75b-4cce861e90f5,MISSING_HISTORY,5,MEDIUM
0fe1d3cd-1b48-5257-84bf-209cf82fc4e2,MISSING_HISTORY,5,MEDIUM
0fb54d42-f208-5738-b47c-786b921a4885,MISSING_HISTORY,5,MEDIUM
0fa98e32-70b0-5497-9cce-fb9f81eeeb42,MISSING_HISTORY,5,MEDIUM
0f667b63-e77e-5a55-8b2e-cedacfc14471,MISSING_HISTORY,5,MEDIUM
0f297781-d12d-59c2-ac4d-9039f47ffca0,MISSING_HISTORY,5,MEDIUM
0e61b869-0151-5383-90dd-2bde7f6b1f3c,MISSING_HISTORY,5,MEDIUM
0e1aaad0-d1cb-5581-803c-f44cfb2e0b25,MISSING_HISTORY,5,MEDIUM
0dff0c23-5e26-5cc3-a20a-e674d2ba3bf6,MISSING_HISTORY,5,MEDIUM
0b38f25e-5891-5dd5-8684-e4d7de76f4d9,MISSING_HISTORY,5,MEDIUM
0df789f9-27de-5a6e-b3d0-bc26eabde220,MISSING_HISTORY,5,MEDIUM
0da3c9a8-a9ee-5c90-91e0-02f0547fb2b2,MISSING_HISTORY,5,MEDIUM
0d62e8d3-c7ec-587c-8eb7-e877b93e0ab0,MISSING_HISTORY,5,MEDIUM
0d44f596-4865-5087-aafc-7c5e113c1850,MISSING_HISTORY,5,MEDIUM
0cbae931-e2dd-5333-b3f5-7e426cbc01d4,MISSING_HISTORY,5,MEDIUM
0cba90ea-acb0-5052-b23d-8e06c0587acf,MISSING_HISTORY,5,MEDIUM
0cb55296-97d9-5ba8-bd42-5928dd8f9008,MISSING_HISTORY,5,MEDIUM
0c242666-d8f3-5272-91db-301c591bd41c,MISSING_HISTORY,5,MEDIUM
0b6e575e-6cdf-5474-abb5-8e7f91cf4d35,MISSING_HISTORY,5,MEDIUM
074610ab-31df-5536-b064-a7be1fadb2e2,MISSING_HISTORY,5,MEDIUM
07385b6d-bb79-564f-85ec-717c986ddc35,MISSING_HISTORY,5,MEDIUM
1d80f441-fef6-504d-8524-2245c79f2ec4,MISSING_HISTORY,5,MEDIUM
0188b6d9-0419-53de-a2ae-6fd6a9e98c5a,MISSING_HISTORY,5,MEDIUM
03208ce9-42f5-53bc-9b1c-07831dfc8fd2,MISSING_HISTORY,5,MEDIUM
027b374d-826e-56e1-98d6-5ee95f77c148,MISSING_HISTORY,5,MEDIUM
025b32f9-c570-5961-96a4-d478ca21ca27,MISSING_HISTORY,5,MEDIUM
0255142b-df43-5789-a93e-f92b09f99967,MISSING_HISTORY,5,MEDIUM
024b40e6-3616-5105-8578-c94c2602fb1a,MISSING_HISTORY,5,MEDIUM
0209e50d-d184-5d1a-b102-9ba2e71bbcf1,MISSING_HISTORY,5,MEDIUM
01feb7e6-973a-5d8b-b423-8fde985c9321,MISSING_HISTORY,5,MEDIUM
01dbef5a-5065-5af0-9041-4b0fdf42c555,MISSING_HISTORY,5,MEDIUM
01b3529b-0996-5ba2-ad6f-f0f4d6e6ae02,MISSING_HISTORY,5,MEDIUM
0165b0a1-182d-507d-9f5f-b4831df3d003,MISSING_HISTORY,5,MEDIUM
03874d39-9934-5661-9291-a035a9a12193,MISSING_HISTORY,5,MEDIUM
014c0599-3989-5b25-92e0-6510e546808e,MISSING_HISTORY,5,MEDIUM
01254dad-e5b4-50b9-82fb-dd34ac108c17,MISSING_HISTORY,5,MEDIUM
011a88fb-cffd-5768-bb67-29799115820f,MISSING_HISTORY,5,MEDIUM
00d9067f-d017-5447-90b1-fdac9edea258,MISSING_HISTORY,5,MEDIUM
00d4ff4f-7ba7-5cd2-bb8e-1902b179b7b1,MISSING_HISTORY,5,MEDIUM
00c80a78-0a12-5ac9-aabc-70a407d0075d,MISSING_HISTORY,5,MEDIUM
00c4c268-7c9b-5f3a-a6d5-7c54bbbd6e9d,MISSING_HISTORY,5,MEDIUM
0078e602-c307-5638-b0d1-67c1c3fededf,MISSING_HISTORY,5,MEDIUM
00672d4b-4777-5f6c-a44f-68469351b92a,MISSING_HISTORY,5,MEDIUM
037f4b2c-1313-5557-810a-c21ca6bce85e,MISSING_HISTORY,5,MEDIUM
03a1b2df-45b9-59f3-96b4-969fd4591ca1,MISSING_HISTORY,5,MEDIUM
071ef585-89eb-5481-92f9-0746b2e39975,MISSING_HISTORY,5,MEDIUM
062d597f-f00b-56d3-a69f-3c50e27641b3,MISSING_HISTORY,5,MEDIUM
071e6233-8ea1-57a0-8078-d47c0dc25caf,MISSING_HISTORY,5,MEDIUM
0716b08d-66c8-5669-94d8-adb93e003817,MISSING_HISTORY,5,MEDIUM
0715c82a-715e-5d4e-81a4-e67b73e972ce,MISSING_HISTORY,5,MEDIUM
06e6e7ae-5bfa-59f0-98fe-5407a5927318,MISSING_HISTORY,5,MEDIUM
06db9531-5d84-5742-afdb-057c16557223,MISSING_HISTORY,5,MEDIUM
06d13fe3-d219-51c4-994e-3776e60e597b,MISSING_HISTORY,5,MEDIUM
06b5ef01-2f1a-5ead-b52d-f619666925f9,MISSING_HISTORY,5,MEDIUM
066eeea3-96cd-5682-82e5-f86bcbfff620,MISSING_HISTORY,5,MEDIUM
0646a328-ded6-5132-ba77-dd308446580c,MISSING_HISTORY,5,MEDIUM
05e8f29e-4f06-577d-900f-1e00c23e4aec,MISSING_HISTORY,5,MEDIUM
03c37484-f907-5362-a103-396148782f29,MISSING_HISTORY,5,MEDIUM
058d6041-f59c-5a2b-a906-53f554769c1e,MISSING_HISTORY,5,MEDIUM
056f5ab4-37c2-52cf-b08d-3fc962765c03,MISSING_HISTORY,5,MEDIUM
05280ff8-069a-5226-b6ce-08fa4a2bf540,MISSING_HISTORY,5,MEDIUM
050c0f84-5564-5a7f-ad8e-8fe36aba1af3,MISSING_HISTORY,5,MEDIUM
050795a7-6ae5-5443-9f99-ef253c151eaf,MISSING_HISTORY,5,MEDIUM
04dd1721-b6b6-5521-a408-4c1643d4334b,MISSING_HISTORY,5,MEDIUM
0419ac75-b864-50ad-891e-941898e5c515,MISSING_HISTORY,5,MEDIUM
03e73d6c-2e40-5764-8b45-eb9af6d25bef,MISSING_HISTORY,5,MEDIUM
03d17ae7-2f32-5239-8c4f-79a2367e07f1,MISSING_HISTORY,5,MEDIUM
101fe061-3ef8-56c5-a599-346fd95a9088,MISSING_HISTORY,5,MEDIUM
1049fcb8-dfa4-536b-b3b2-39f3c0312096,MISSING_HISTORY,5,MEDIUM
104afa23-94bd-59b4-a07e-731946a26808,MISSING_HISTORY,5,MEDIUM
189f0517-73fe-59e3-802b-b2ea26344753,MISSING_HISTORY,5,MEDIUM
1909fda5-dd69-5ebf-901f-3fb79ec2bf26,MISSING_HISTORY,5,MEDIUM
18f956be-5116-5619-97a7-c44263a73d44,MISSING_HISTORY,5,MEDIUM
18f68626-2aac-5c64-941e-c5b1e81018c7,MISSING_HISTORY,5,MEDIUM
18f04b59-14e3-52d5-8d97-a5c569c137c7,MISSING_HISTORY,5,MEDIUM
18e92ea9-fa98-53ee-bd59-16ac129c8798,MISSING_HISTORY,5,MEDIUM
18cee9d3-8241-5c64-a523-8461aca286ed,MISSING_HISTORY,5,MEDIUM
18b6ef6c-4a4c-514b-8ebe-6e9a2de52734,MISSING_HISTORY,5,MEDIUM
18ae8539-156a-57f8-b507-ca9cfc70f1f6,MISSING_HISTORY,5,MEDIUM
18a7fdd0-99f4-5452-a7b0-31a1c2f8dd9e,MISSING_HISTORY,5,MEDIUM
18824ee8-cdc0-57fd-8d7f-024b51e98bfd,MISSING_HISTORY,5,MEDIUM
194b3267-57da-58e2-be66-fea1f4d3e7e5,MISSING_HISTORY,5,MEDIUM
187f2c3e-21a2-59d6-895c-c3f1c25f0162,MISSING_HISTORY,5,MEDIUM
18560620-07ba-5d97-80cc-0bf14f45840e,MISSING_HISTORY,5,MEDIUM
1815a7f6-8365-5328-8c8b-32051e5c33f8,MISSING_HISTORY,5,MEDIUM
17efc082-40bc-582d-947a-1cef1fae7789,MISSING_HISTORY,5,MEDIUM
17ea2a69-4ab6-5d2d-b1f6-869cbde0f062,MISSING_HISTORY,5,MEDIUM
17d4bff1-1551-5fb2-8b4b-d7aa9c673577,MISSING_HISTORY,5,MEDIUM
17cd26be-574a-512f-b770-daf40c48f935,MISSING_HISTORY,5,MEDIUM
17760db5-e89d-5b45-9158-1e24c5d48061,MISSING_HISTORY,5,MEDIUM
175155c8-39fa-5784-b1d4-01526e87f206,MISSING_HISTORY,5,MEDIUM
1929f8e5-7ea8-5129-b8ca-85a3200d29c7,MISSING_HISTORY,5,MEDIUM
198d4a3e-0a56-51e8-8344-008bbca461d3,MISSING_HISTORY,5,MEDIUM
1060ce91-2a50-5cd0-9e35-07a8737b3e41,MISSING_HISTORY,5,MEDIUM
1b55ff7b-d8b6-5d40-bc31-8fae9ed20713,MISSING_HISTORY,5,MEDIUM
1d2044eb-e521-5fa7-af63-7913cf25a7e7,MISSING_HISTORY,5,MEDIUM
1d152ce0-8c74-553f-afb4-d9c771d6c384,MISSING_HISTORY,5,MEDIUM
1ce095f1-223d-5f59-9d77-9036d4b6400b,MISSING_HISTORY,5,MEDIUM
1cc4c2b7-5d02-5c72-a9cf-c04b392f6041,MISSING_HISTORY,5,MEDIUM
1c0d50c3-5905-5405-8482-8b2c29f9ab2f,MISSING_HISTORY,5,MEDIUM
1c024d7c-2964-5734-b294-b96ad67512a7,MISSING_HISTORY,5,MEDIUM
1bf35092-07af-529b-bd3c-758532c285eb,MISSING_HISTORY,5,MEDIUM
1b9e03ad-d50f-544b-8457-bc283789856f,MISSING_HISTORY,5,MEDIUM
1b5ab3d5-eb92-563e-8a60-cc1e115050eb,MISSING_HISTORY,5,MEDIUM
1b526d30-d2f3-53d8-9b9f-b1c6f2048294,MISSING_HISTORY,5,MEDIUM
19b711ee-b265-5b0e-a17f-eb9ca42b8029,MISSING_HISTORY,5,MEDIUM
1ae7ca28-03af-5a6a-915c-349aaf625e30,MISSING_HISTORY,5,MEDIUM
1ac27cc3-f95c-59e6-881a-ee164bb22374,MISSING_HISTORY,5,MEDIUM
1aa8026b-df77-54c2-ac09-63958d794f09,MISSING_HISTORY,5,MEDIUM
1a8c611e-5f0f-5d53-90ac-d2bcfcfcb6f9,MISSING_HISTORY,5,MEDIUM
1a6112bb-9281-5f64-a29f-f75f413fe5b8,MISSING_HISTORY,5,MEDIUM
1a40e24f-de4e-52f2-9028-ef36327a0974,MISSING_HISTORY,5,MEDIUM
1a3e5cff-db93-5c20-b2ae-951911eb2e72,MISSING_HISTORY,5,MEDIUM
1a1c9a2d-de1b-5c10-874f-8ef16b772644,MISSING_HISTORY,5,MEDIUM
19e27eb8-dca7-534d-a85d-087b553a2d14,MISSING_HISTORY,5,MEDIUM
173ae3a6-3941-59c3-b894-fd34550a9137,MISSING_HISTORY,5,MEDIUM
17361761-8c0e-5223-8c39-4af78f976875,MISSING_HISTORY,5,MEDIUM
172ba660-a17d-5db0-80f9-b240b4f16849,MISSING_HISTORY,5,MEDIUM
114f45ca-b23e-5d49-82bb-367972497d61,MISSING_HISTORY,5,MEDIUM
126456ea-79a0-5e9d-967b-0feca202a160,MISSING_HISTORY,5,MEDIUM
1261c21b-48d2-5f69-bf16-82a61ec4743c,MISSING_HISTORY,5,MEDIUM
122dc909-9e37-5db5-b1a4-eed73fd179d4,MISSING_HISTORY,5,MEDIUM
120c8532-dc70-5c11-b34b-2854d67af90d,MISSING_HISTORY,5,MEDIUM
11e77a3c-f507-5f37-91bb-36c89d46d5ca,MISSING_HISTORY,5,MEDIUM
11de8e96-3284-50f5-989f-e1dd97335cfa,MISSING_HISTORY,5,MEDIUM
11d19a76-9572-52a3-8963-29719313969e,MISSING_HISTORY,5,MEDIUM
11a7d639-6dc9-5688-a0e9-55b8b42012c6,MISSING_HISTORY,5,MEDIUM
1198e84e-c611-50c9-8dea-2b44f7a52b9c,MISSING_HISTORY,5,MEDIUM
113d1c17-a4a6-5727-bf8c-0cbf4c3b013e,MISSING_HISTORY,5,MEDIUM
16ea180e-adb2-51a5-af6d-b4d29f40a3e9,MISSING_HISTORY,5,MEDIUM
1126cc20-f220-56a5-8084-19963e7a74ff,MISSING_HISTORY,5,MEDIUM
111a71f2-c802-5a43-9e56-b524dd2c19b6,MISSING_HISTORY,5,MEDIUM
10ff5ea7-42f7-512c-830d-1a30036b280e,MISSING_HISTORY,5,MEDIUM
10f3f2bb-df40-59ad-88bb-b0c3f62b728e,MISSING_HISTORY,5,MEDIUM
10ec1a4d-7abb-5e49-a580-8209713ad4c9,MISSING_HISTORY,5,MEDIUM
10ea2063-8606-5b86-8818-b70921a3c723,MISSING_HISTORY,5,MEDIUM
10dbef79-803d-585e-82b3-0209835ad280,MISSING_HISTORY,5,MEDIUM
10be7971-032c-5bab-8ecf-f322cfa6d555,MISSING_HISTORY,5,MEDIUM
108d5fbc-8253-52a5-bddc-a455a22f745a,MISSING_HISTORY,5,MEDIUM
12681b04-97ad-51cc-8fd2-6938a0e17c74,MISSING_HISTORY,5,MEDIUM
127f6095-9440-545e-bfda-0a8acc58f63d,MISSING_HISTORY,5,MEDIUM
128833bc-47d2-5bf5-87ca-7ef7b136d7cd,MISSING_HISTORY,5,MEDIUM
12ef3fae-bf61-5cfa-95b7-5d2e3d5afadf,MISSING_HISTORY,5,MEDIUM
16c8fec7-d6d7-57f6-8375-6b81a98f205c,MISSING_HISTORY,5,MEDIUM
16c8064c-e8f6-5a66-a8b0-f6da1c9d40f8,MISSING_HISTORY,5,MEDIUM
16b17891-16a5-55be-a28d-88879c289d30,MISSING_HISTORY,5,MEDIUM
16975bf1-b6e9-5fcc-a0df-6539364e8285,MISSING_HISTORY,5,MEDIUM
167bcf9d-4b59-5f0a-b084-477a7d8d67c4,MISSING_HISTORY,5,MEDIUM
1674e325-a4eb-5591-903c-e81aaf07b579,MISSING_HISTORY,5,MEDIUM
1656a1e9-7d34-54b8-bdcb-ffafe3f0197d,MISSING_HISTORY,5,MEDIUM
15bff283-b557-5271-9a0f-3c45177e1065,MISSING_HISTORY,5,MEDIUM
1498934c-d379-5eda-863b-b0f065c08fdf,MISSING_HISTORY,5,MEDIUM
146c8dff-526c-50a4-b0bf-e051cf5a504b,MISSING_HISTORY,5,MEDIUM
13efd3f9-eb8b-52d9-a4c1-091719976a24,MISSING_HISTORY,5,MEDIUM
13c03197-b270-5622-b85b-889c7092c1a0,MISSING_HISTORY,5,MEDIUM
13bffc06-5bd7-581a-8c59-d8cd90b8f517,MISSING_HISTORY,5,MEDIUM
13535810-5117-5244-a76d-a1ec781ff562,MISSING_HISTORY,5,MEDIUM
1350dfcf-3067-593d-bb0e-06ff90cae323,MISSING_HISTORY,5,MEDIUM
133d2af9-3c4a-538b-b1d3-9a19498156d9,MISSING_HISTORY,5,MEDIUM
131a4ed8-3b25-55cf-a8d2-b338f3445be2,MISSING_HISTORY,5,MEDIUM
13178b1a-a5c3-5cbd-9f9b-77506062c8cb,MISSING_HISTORY,5,MEDIUM
12f67e26-f06f-570a-9a2a-8fe6e673c55a,MISSING_HISTORY,5,MEDIUM
3d150d2e-6a8e-51bc-8b6a-025bb633e8c4,MISSING_HISTORY,5,MEDIUM
3d22a103-e049-5b32-a8a2-cc6954eda9c1,MISSING_HISTORY,5,MEDIUM
3d2f2e35-2372-5c10-bf32-ee1a87d27141,MISSING_HISTORY,5,MEDIUM
68a94903-08d7-596c-b607-cecb3131eb1a,MISSING_HISTORY,5,MEDIUM
6a173e27-17ae-573c-8b07-ca7a2d3b0daa,MISSING_HISTORY,5,MEDIUM
69f3b2d7-7772-5981-abf4-b1c523a7c3df,MISSING_HISTORY,5,MEDIUM
69ae28c7-dedd-540a-a3b7-ebf85539b4b9,MISSING_HISTORY,5,MEDIUM
69a855d6-1748-518f-a747-1e661307448d,MISSING_HISTORY,5,MEDIUM
699b4474-70be-51a7-b66c-8bb23f116fa4,MISSING_HISTORY,5,MEDIUM
693d3be0-8f74-5ddc-a9e7-ba904238bd4d,MISSING_HISTORY,5,MEDIUM
692c9aac-9957-542d-aae5-b41a5dd4f3cd,MISSING_HISTORY,5,MEDIUM
6928183a-76e8-54e9-b561-9143e53c4ffc,MISSING_HISTORY,5,MEDIUM
68af9982-329f-5925-a494-93ab0cf36ef5,MISSING_HISTORY,5,MEDIUM
68a246e8-e1fd-5525-8607-fbd931ef296a,MISSING_HISTORY,5,MEDIUM
6a6a4688-6bfd-5d63-ac6a-b8dc8b33eeb6,MISSING_HISTORY,5,MEDIUM
683420ff-bcc1-5db3-b8fa-38f15f96cbad,MISSING_HISTORY,5,MEDIUM
68245bfb-4de9-58d0-8d7d-7d7ba3666d69,MISSING_HISTORY,5,MEDIUM
67e6b654-2704-5c9d-aeb5-4a344890a8d1,MISSING_HISTORY,5,MEDIUM
67e48cb1-a3d1-5fbf-ba88-e8d6b599e011,MISSING_HISTORY,5,MEDIUM
67c0192f-4285-5824-9564-07a73f9adb5e,MISSING_HISTORY,5,MEDIUM
67bae6a5-00e6-54e5-a298-edc754be5990,MISSING_HISTORY,5,MEDIUM
6763c367-e1dd-5dd3-b6f3-9398fa527ecf,MISSING_HISTORY,5,MEDIUM
67447478-aea9-55db-8899-cf8614986597,MISSING_HISTORY,5,MEDIUM
6731f4f6-150f-51cb-a758-a3336ab6cdcb,MISSING_HISTORY,5,MEDIUM
6a6150c8-ed57-57de-82f7-1d138aba1bee,MISSING_HISTORY,5,MEDIUM
6afb3ee9-9d3d-5cee-82bf-ce29708d009f,MISSING_HISTORY,5,MEDIUM
6701cce4-32df-57c7-9e6d-3022833443d5,MISSING_HISTORY,5,MEDIUM
6d66c5ab-ffba-5c1d-9859-6fb0d2077a5c,MISSING_HISTORY,5,MEDIUM
6f1b9c22-57b6-5cca-8e70-aba4e39ce7f2,MISSING_HISTORY,5,MEDIUM
6f0a785e-7edb-599b-b2dd-43565772510d,MISSING_HISTORY,5,MEDIUM
6ecc5773-8bb7-5e25-950b-724eedbf3411,MISSING_HISTORY,5,MEDIUM
6e4a5bf8-5527-50b8-9082-6527b35019ab,MISSING_HISTORY,5,MEDIUM
6e3bdca9-95d5-5094-90c7-e38500ea22d3,MISSING_HISTORY,5,MEDIUM
6def4406-6318-5b90-98ce-3d3a179121ec,MISSING_HISTORY,5,MEDIUM
6d787399-7d83-57e7-8d90-35110a60c7b4,MISSING_HISTORY,5,MEDIUM
6d727ba9-c26a-5d0e-b663-bd9a75a9489b,MISSING_HISTORY,5,MEDIUM
6d6f6453-ac2d-5f63-b5f2-4ee723f80edb,MISSING_HISTORY,5,MEDIUM
6d57f883-6533-5fbb-aa98-bb12a8478f99,MISSING_HISTORY,5,MEDIUM
6b5a00fa-36c0-5725-9b58-261fe9981722,MISSING_HISTORY,5,MEDIUM
6d0203ea-e0ed-5c9a-948d-581e8d14fac9,MISSING_HISTORY,5,MEDIUM
6c79b6a6-29ad-56ff-b8b5-e23c1631442e,MISSING_HISTORY,5,MEDIUM
6bb94573-b2fc-5b07-b275-f2201b87d110,MISSING_HISTORY,5,MEDIUM
6bb0ca0a-6e22-52db-bb4a-4feb92876b1f,MISSING_HISTORY,5,MEDIUM
6bae614f-0eac-5421-8635-e7e49fffc2d0,MISSING_HISTORY,5,MEDIUM
6b9a86b3-cdc5-537c-81a7-232bb8523e99,MISSING_HISTORY,5,MEDIUM
6b97c106-440d-59a9-90bf-7c106fd47fe9,MISSING_HISTORY,5,MEDIUM
6b8f3b6d-60ec-5a76-b6c7-586f6d885b8e,MISSING_HISTORY,5,MEDIUM
6b82eaaf-396d-54b9-937f-cd3817d8992c,MISSING_HISTORY,5,MEDIUM
6730143f-6563-5c74-ad52-687a9d2c68fe,MISSING_HISTORY,5,MEDIUM
66fbb47c-ffa4-5fd0-a1d3-9f3e4eab2573,MISSING_HISTORY,5,MEDIUM
3d328983-6018-5c6e-a773-e9ee1251d893,MISSING_HISTORY,5,MEDIUM
60d0b877-2f8a-58a6-9d4d-ec5159082895,MISSING_HISTORY,5,MEDIUM
6202f47a-121f-5fc1-9f4b-ae10e02a8f8e,MISSING_HISTORY,5,MEDIUM
61f9c57d-f16d-55b4-b24b-fc35884d79cc,MISSING_HISTORY,5,MEDIUM
61f33823-b1d2-51ba-ba4c-24acc0bf6df0,MISSING_HISTORY,5,MEDIUM
61a8e849-48cf-5582-9d40-2f9ba35281fe,MISSING_HISTORY,5,MEDIUM
616c40b9-39fb-5675-8763-91bb50eb6f8e,MISSING_HISTORY,5,MEDIUM
614d621f-20ab-513a-b49d-f414d96438b5,MISSING_HISTORY,5,MEDIUM
61141d38-82eb-58ec-b845-9240b029adf8,MISSING_HISTORY,5,MEDIUM
61000bb7-c42b-5a9a-af4e-dd473bd77756,MISSING_HISTORY,5,MEDIUM
60dfd679-ca7c-5aad-af5e-433cc88dcca7,MISSING_HISTORY,5,MEDIUM
600d973c-c978-59c1-9ab2-28fbd6cc393f,MISSING_HISTORY,5,MEDIUM
625471bc-19a5-5832-b49b-78c3c87cf1e6,MISSING_HISTORY,5,MEDIUM
5fe35101-141e-56b4-95e3-672fd7c81e6e,MISSING_HISTORY,5,MEDIUM
5fd0744d-b713-58be-9823-c67c415d7166,MISSING_HISTORY,5,MEDIUM
5fc928d3-8768-5297-9169-e43e2a29ef22,MISSING_HISTORY,5,MEDIUM
5fc4eb4a-ea57-548b-9104-21629ddadf8a,MISSING_HISTORY,5,MEDIUM
5f4044fc-f8ec-5b59-a00f-fac1ea346c30,MISSING_HISTORY,5,MEDIUM
5f13806e-14d0-5139-862e-53aa61b814ef,MISSING_HISTORY,5,MEDIUM
5efd085d-3a73-5eca-9d96-c85a075deadc,MISSING_HISTORY,5,MEDIUM
5ea4481b-0beb-5eec-900b-de1a8883bb8e,MISSING_HISTORY,5,MEDIUM
5e86b80b-aa2a-536c-a5f0-19d670a52c4c,MISSING_HISTORY,5,MEDIUM
62363b90-dcb7-50ac-b553-b8435ac9e23a,MISSING_HISTORY,5,MEDIUM
627177b8-51a3-5d48-b8b7-f939f724bd36,MISSING_HISTORY,5,MEDIUM
66c44259-c139-5ba9-9307-b8c4abe3ee61,MISSING_HISTORY,5,MEDIUM
65953c24-d615-5dba-ba8e-1a70132b5fa2,MISSING_HISTORY,5,MEDIUM
66b937c9-841a-5fc5-ab9f-f0ce2e757d38,MISSING_HISTORY,5,MEDIUM
66ae1f56-7515-54a6-b689-48920cb007c1,MISSING_HISTORY,5,MEDIUM
66a528a0-6ea0-5ee8-bbf8-697abc3ae624,MISSING_HISTORY,5,MEDIUM
66813ce1-d24c-5615-b9bb-232e8bfae8c5,MISSING_HISTORY,5,MEDIUM
663c733c-c2d7-5dbd-84df-d3dec8a4110c,MISSING_HISTORY,5,MEDIUM
66280bca-013b-5b90-a288-e2f246f6b161,MISSING_HISTORY,5,MEDIUM
65fef3a9-82ab-5f3c-a7ef-73381d5d6107,MISSING_HISTORY,5,MEDIUM
65b79b9c-cc37-53a3-8384-4f78fb0c1732,MISSING_HISTORY,5,MEDIUM
65aa485f-b93a-50f8-9199-9bdf75694d11,MISSING_HISTORY,5,MEDIUM
6587cd48-2d5b-5cad-b5bf-47b5974cfe4c,MISSING_HISTORY,5,MEDIUM
62834924-0787-534e-a762-6d8c33d7f1a7,MISSING_HISTORY,5,MEDIUM
6492cb0b-ca13-59f4-8a50-f3c3465ac9d4,MISSING_HISTORY,5,MEDIUM
644f300a-f438-502e-8b2e-c72281a3548b,MISSING_HISTORY,5,MEDIUM
63da1d10-78a9-5edc-9d35-57ef5ffea3de,MISSING_HISTORY,5,MEDIUM
62f1f93f-8eb8-5320-bc5f-936f4d4b8935,MISSING_HISTORY,5,MEDIUM
62ef8a8b-3bd0-5983-82f4-9c655572a621,MISSING_HISTORY,5,MEDIUM
62e195e2-0f8b-562c-b2a5-be56871e0c6d,MISSING_HISTORY,5,MEDIUM
629d4bee-1f29-5206-8ad3-46e492e99ad0,MISSING_HISTORY,5,MEDIUM
629a552f-3c6a-51b8-9d87-095021d8c6d7,MISSING_HISTORY,5,MEDIUM
62957334-0d62-552d-96a5-978b242410aa,MISSING_HISTORY,5,MEDIUM
6f224493-81b0-5772-b772-184a5a0172eb,MISSING_HISTORY,5,MEDIUM
6f24182d-4374-5a51-965a-a37e0df2c09b,MISSING_HISTORY,5,MEDIUM
6f2611df-f861-577e-a20a-8c40950aa15e,MISSING_HISTORY,5,MEDIUM
78e109ee-f0cc-5b89-ba15-cabf22f4d7cd,MISSING_HISTORY,5,MEDIUM
7b590453-b902-5ccb-83b7-6ad7d04ff4a1,MISSING_HISTORY,5,MEDIUM
7b4758bc-1916-5ad8-a939-256559ee9190,MISSING_HISTORY,5,MEDIUM
7acca44f-830a-5aa5-9d1a-02fceaae7dd5,MISSING_HISTORY,5,MEDIUM
7aba0a2c-6720-5ca4-adce-16fa979c8641,MISSING_HISTORY,5,MEDIUM
7a29cd74-eec3-5341-a58c-ec248a3e1c5d,MISSING_HISTORY,5,MEDIUM
7a0105c6-4e66-57a1-9c8d-811edff10277,MISSING_HISTORY,5,MEDIUM
79de7af0-7020-52cd-829a-5fad84a442c0,MISSING_HISTORY,5,MEDIUM
79c37c5d-a6ff-5816-8171-055c7b84f41e,MISSING_HISTORY,5,MEDIUM
78fd6f80-90af-536e-ba09-96f092ae266b,MISSING_HISTORY,5,MEDIUM
78c4c672-b59f-5283-b8f2-5d33bb1bd5a5,MISSING_HISTORY,5,MEDIUM
7bd02a95-97ad-5629-b6bf-925dd0bc7738,MISSING_HISTORY,5,MEDIUM
780bc909-946c-58d6-9a1e-0122f8753396,MISSING_HISTORY,5,MEDIUM
77ebfdf4-d8e4-50dc-9ca4-b2b246ad9422,MISSING_HISTORY,5,MEDIUM
77dedd82-75c5-5534-9580-05ffd9efd9a9,MISSING_HISTORY,5,MEDIUM
77ce73c6-56d2-5674-9778-72db75903c92,MISSING_HISTORY,5,MEDIUM
77bb0632-55c8-5a32-9b04-a868fe7380e4,MISSING_HISTORY,5,MEDIUM
77a184b7-407e-50ec-b470-8df193eefd62,MISSING_HISTORY,5,MEDIUM
7738b4f5-51ab-53cc-b268-6c4e05884ce6,MISSING_HISTORY,5,MEDIUM
7707718b-2490-511d-be00-3ca81fae0bd5,MISSING_HISTORY,5,MEDIUM
76f3a672-a7ad-5603-9f30-34b5bf67a678,MISSING_HISTORY,5,MEDIUM
7baf6560-e5ff-58a1-a5cd-ba72fb9ddbdf,MISSING_HISTORY,5,MEDIUM
7bea791a-3ee3-5615-9b2f-8f52de2d39bc,MISSING_HISTORY,5,MEDIUM
6f824d43-4ecb-561a-b5e0-694c08e54ffd,MISSING_HISTORY,5,MEDIUM
7d26b3ee-aac3-5d6c-bee1-2bc24026d3f7,MISSING_HISTORY,5,MEDIUM
7fbb362d-89a9-5aa0-9dea-f3ea39519a16,MISSING_HISTORY,5,MEDIUM
7faa7c62-3997-5909-9213-91661779a42a,MISSING_HISTORY,5,MEDIUM
7f718ab7-77d5-5747-840b-0bacc65f3901,MISSING_HISTORY,5,MEDIUM
7f172427-7585-56e7-b6be-69cb591c4373,MISSING_HISTORY,5,MEDIUM
7ee9d48b-1f08-53ea-85e7-ca42f812a724,MISSING_HISTORY,5,MEDIUM
7ddfc8ee-fde2-5a13-a597-26173cf55798,MISSING_HISTORY,5,MEDIUM
7da21bfd-8dfd-5103-bfb7-51a23d5e4140,MISSING_HISTORY,5,MEDIUM
7d974637-abf3-5e4c-9af4-9ff7721e124c,MISSING_HISTORY,5,MEDIUM
7d930ca4-ab70-58b4-b551-5ebabf99569d,MISSING_HISTORY,5,MEDIUM
7d002a3c-c166-59d8-94c5-3d7a3a7d897d,MISSING_HISTORY,5,MEDIUM
7c17c826-6119-54ba-8021-5d1e569f7d73,MISSING_HISTORY,5,MEDIUM
7ce0289c-8503-5160-bf6b-e2e990d157b2,MISSING_HISTORY,5,MEDIUM
7cda6d13-3c48-595d-80b4-2cb2746ac323,MISSING_HISTORY,5,MEDIUM
7cca6a6a-ba56-50f0-932c-d912dd2f0463,MISSING_HISTORY,5,MEDIUM
7cb601a5-b81a-5352-bdfa-dd76f4932332,MISSING_HISTORY,5,MEDIUM
7c866efb-0074-5e07-b149-e8da9b41c748,MISSING_HISTORY,5,MEDIUM
7c571a13-473e-56d1-b8c8-69ab9491e0d6,MISSING_HISTORY,5,MEDIUM
7c4dbe94-1349-522c-a174-4b30862ac9e4,MISSING_HISTORY,5,MEDIUM
7c3d2cc2-fc67-536d-90f9-231a2acf429f,MISSING_HISTORY,5,MEDIUM
7c1861fc-c4be-5f57-9a41-f9a56a9e0705,MISSING_HISTORY,5,MEDIUM
76cc9731-6eb2-5aa3-80a2-a38804b40b60,MISSING_HISTORY,5,MEDIUM
767004fe-b64a-57ac-a8a1-a5d7e60c5a83,MISSING_HISTORY,5,MEDIUM
765cc73d-3117-50c0-b89d-48e28e956573,MISSING_HISTORY,5,MEDIUM
710d2ad6-a291-5c99-803b-3eb311244bcb,MISSING_HISTORY,5,MEDIUM
71e17a2b-df21-5ec1-8be1-948a58757762,MISSING_HISTORY,5,MEDIUM
71d58c2a-4597-5b57-83b1-313248cb6068,MISSING_HISTORY,5,MEDIUM
719c663c-db71-5746-8f18-9a0e9e0de17f,MISSING_HISTORY,5,MEDIUM
71927e85-9930-55a2-be40-f5a656a33163,MISSING_HISTORY,5,MEDIUM
7151c46c-a0e6-5f01-8c8e-d0cd783a931c,MISSING_HISTORY,5,MEDIUM
71411928-d38d-5aa9-8cfc-4919eec8f4ef,MISSING_HISTORY,5,MEDIUM
713eeab2-12d7-5f3f-afb9-9607ef7ddf66,MISSING_HISTORY,5,MEDIUM
7122d0c0-5954-5896-a98a-a70533454cb1,MISSING_HISTORY,5,MEDIUM
7120c071-bfc5-539e-aa61-5c9b35436e1c,MISSING_HISTORY,5,MEDIUM
7109745b-0a22-5280-971f-ec8e553edbda,MISSING_HISTORY,5,MEDIUM
765133b0-c17f-5f99-864a-4ebb8a18f904,MISSING_HISTORY,5,MEDIUM
70d45801-3e38-5dbd-8164-b7af1e7bc077,MISSING_HISTORY,5,MEDIUM
70cc16ed-3c57-54f9-9e20-975aa23270cd,MISSING_HISTORY,5,MEDIUM
70a4c42f-3ebc-584b-91a1-ddd9501d9b95,MISSING_HISTORY,5,MEDIUM
706e2502-6c7e-592d-99ea-1de4694169f4,MISSING_HISTORY,5,MEDIUM
6fde7e0c-2827-5afd-a878-54e4629a04ae,MISSING_HISTORY,5,MEDIUM
6fde61a1-c183-54df-b282-52b17a13e2d1,MISSING_HISTORY,5,MEDIUM
6fda7aeb-e254-5cbb-a691-7f409e8d5748,MISSING_HISTORY,5,MEDIUM
6fcf0f5b-46d8-58f6-8e20-60929c71446e,MISSING_HISTORY,5,MEDIUM
6fcbb607-d679-54e4-a64f-ca7d68638ea3,MISSING_HISTORY,5,MEDIUM
71ea9379-cc0c-5a39-bcec-b463f3232b49,MISSING_HISTORY,5,MEDIUM
72245657-e829-5562-800b-40f446094955,MISSING_HISTORY,5,MEDIUM
72919808-66d5-5288-872f-14fcf2a7e5b4,MISSING_HISTORY,5,MEDIUM
72c3e8ff-c84d-509f-9371-164f8bd92fd1,MISSING_HISTORY,5,MEDIUM
75fe5ca1-dff2-52dc-bdc8-3c315c6e814a,MISSING_HISTORY,5,MEDIUM
75adc666-aec4-56a5-a055-3a8fa10bcc77,MISSING_HISTORY,5,MEDIUM
756ebafb-8ed4-5c5d-9610-dcb660cecabc,MISSING_HISTORY,5,MEDIUM
7544818c-4451-5710-8736-3a24657f94d4,MISSING_HISTORY,5,MEDIUM
7504de01-e9c4-5f67-b64a-117877c31f62,MISSING_HISTORY,5,MEDIUM
74c17d43-0e73-5be1-ba03-03fbd1e2c300,MISSING_HISTORY,5,MEDIUM
747ccaa2-3fdb-5e8f-a545-7ebb0fba8fe6,MISSING_HISTORY,5,MEDIUM
747b11cc-ca47-5343-849c-7be0b1475f60,MISSING_HISTORY,5,MEDIUM
746f52b8-4166-5694-a147-056aa9954d48,MISSING_HISTORY,5,MEDIUM
7442802c-7a0f-5ced-9266-c40a5f02c060,MISSING_HISTORY,5,MEDIUM
742276d8-f06a-54b3-a4b0-a0ee451911d1,MISSING_HISTORY,5,MEDIUM
73fcdf06-4f98-5fb8-91e7-bbbe3f87fd47,MISSING_HISTORY,5,MEDIUM
73ea686d-5a9f-5d8c-81ec-73cccaf283d1,MISSING_HISTORY,5,MEDIUM
73a877ac-1fe3-589b-aff3-ff5670ec2d59,MISSING_HISTORY,5,MEDIUM
73a6a0db-cff6-5781-a396-f438339d8454,MISSING_HISTORY,5,MEDIUM
73647af7-cc00-539e-b804-cb8010acfb05,MISSING_HISTORY,5,MEDIUM
72fad3f3-d0f1-53fa-bef1-bf7f05e75a86,MISSING_HISTORY,5,MEDIUM
72f1cdab-8634-5f44-8268-616711c424b2,MISSING_HISTORY,5,MEDIUM
72d79ccb-d864-5a00-8764-4b8a3eb9368c,MISSING_HISTORY,5,MEDIUM
5e84ee0c-198f-56a2-9096-f8beff8ea39f,MISSING_HISTORY,5,MEDIUM
5e4a3098-0004-5dcf-9f2e-7b4d8666b067,MISSING_HISTORY,5,MEDIUM
5e29f05b-668c-59c6-a881-da9417466aa3,MISSING_HISTORY,5,MEDIUM
475f84f1-ae41-5ea6-847c-232d6c95b20d,MISSING_HISTORY,5,MEDIUM
4a5cd51f-3a63-5d16-9bdf-d97d23c68110,MISSING_HISTORY,5,MEDIUM
4a554764-eef5-538d-bddf-0bd390bab7a8,MISSING_HISTORY,5,MEDIUM
4a21b1ff-daf3-574e-bee4-8448aec3af7a,MISSING_HISTORY,5,MEDIUM
4a20beb5-96cd-5f2c-9d69-6dc420a19cdc,MISSING_HISTORY,5,MEDIUM
49c29606-692e-5cb9-9f2e-022091587d15,MISSING_HISTORY,5,MEDIUM
4999e049-69bf-56ce-9d1d-706040e4c8b9,MISSING_HISTORY,5,MEDIUM
4929dc7e-5044-5cab-b885-1cf0d5f49b2d,MISSING_HISTORY,5,MEDIUM
47e1b1d3-772f-54c2-9c86-56811c3462e4,MISSING_HISTORY,5,MEDIUM
47bad0dd-cc33-5c64-b1b5-077274a928f6,MISSING_HISTORY,5,MEDIUM
47318a80-1ac5-5e02-b5e2-32c41a459b64,MISSING_HISTORY,5,MEDIUM
4a9d7c7b-bd80-5a95-a37a-96f5d304e415,MISSING_HISTORY,5,MEDIUM
47261f46-925e-5d51-8765-570de1052b2f,MISSING_HISTORY,5,MEDIUM
464d2ce8-640f-5fec-a5a2-cd82eaa20c84,MISSING_HISTORY,5,MEDIUM
45ec9dff-899e-5596-8b00-801f3f5feb81,MISSING_HISTORY,5,MEDIUM
459695a7-366e-54da-9226-19704a1f5e1a,MISSING_HISTORY,5,MEDIUM
45848924-d822-5cb0-aa11-6183abe9fe7c,MISSING_HISTORY,5,MEDIUM
45843833-d21b-58fa-ad93-5e03f10f89cf,MISSING_HISTORY,5,MEDIUM
4583b9e0-72b9-5145-8de8-889234092479,MISSING_HISTORY,5,MEDIUM
4580ffc3-4682-5f2e-882f-1581fadf2b05,MISSING_HISTORY,5,MEDIUM
45756ee6-8835-5003-a4ef-7afa7180d389,MISSING_HISTORY,5,MEDIUM
4a8c64ed-a626-5205-913c-fba77ebb8f2e,MISSING_HISTORY,5,MEDIUM
4ad966d7-624b-5325-8e0b-ace74a383c20,MISSING_HISTORY,5,MEDIUM
4e977cbd-5e63-5345-a7b6-8c366480e555,MISSING_HISTORY,5,MEDIUM
4cdc7342-26bc-55c5-9604-4c2cb2b53915,MISSING_HISTORY,5,MEDIUM
4e459ed6-4fdf-575e-a9b6-e8739154fa6a,MISSING_HISTORY,5,MEDIUM
4ddb645c-9331-5606-88e6-41f7c6a90869,MISSING_HISTORY,5,MEDIUM
4da0b063-fb5e-5d0a-ad06-1954253e893f,MISSING_HISTORY,5,MEDIUM
4d907a25-2cd4-5f53-9879-56781e7330bb,MISSING_HISTORY,5,MEDIUM
4d6ca67a-0e08-50b4-ab6b-dedf36172299,MISSING_HISTORY,5,MEDIUM
4d61a316-f006-5bc1-9c6d-8f22a2e8c3f9,MISSING_HISTORY,5,MEDIUM
4cfd55fd-04ed-5aba-92f1-85d8b5584531,MISSING_HISTORY,5,MEDIUM
4cf081d1-4974-58e5-8ada-071d462cd9e6,MISSING_HISTORY,5,MEDIUM
4cf05732-bcbe-597f-b3ab-b0dd94c8ad65,MISSING_HISTORY,5,MEDIUM
4cd328f5-f10e-550e-9652-a1b374a95eab,MISSING_HISTORY,5,MEDIUM
4b107169-a9cb-5c1f-8d3f-3af393ec0c4a,MISSING_HISTORY,5,MEDIUM
4cd10687-fbb1-5d4f-835c-b51667622406,MISSING_HISTORY,5,MEDIUM
4cbec7ca-5899-51f7-b22f-4abbb5a7af2e,MISSING_HISTORY,5,MEDIUM
4c8fe794-b2f6-5451-8689-29b1abed0f36,MISSING_HISTORY,5,MEDIUM
4c325c82-6198-50a5-a8fd-aba3dfc8be38,MISSING_HISTORY,5,MEDIUM
4be06102-9d2e-5423-a101-393ff73c40e1,MISSING_HISTORY,5,MEDIUM
4ba3ca91-816c-5f65-9ace-92b6a3082c7f,MISSING_HISTORY,5,MEDIUM
4b705988-a3bf-56a9-a4db-c475117278af,MISSING_HISTORY,5,MEDIUM
4b5ee779-b4c2-5a4f-b8f2-4c8208f6e9c5,MISSING_HISTORY,5,MEDIUM
4b483383-c0ae-506b-a422-b0054296fa67,MISSING_HISTORY,5,MEDIUM
456b471f-9ce7-5150-9826-39f1b2db32ca,MISSING_HISTORY,5,MEDIUM
454a9c82-0141-5543-83f0-c70b0eae5221,MISSING_HISTORY,5,MEDIUM
453486de-ea3a-5da6-994f-616699639c3e,MISSING_HISTORY,5,MEDIUM
3efc8438-4079-5a67-9b39-49692fafe785,MISSING_HISTORY,5,MEDIUM
416aa725-75d1-5258-89dc-e31dc0cc14d5,MISSING_HISTORY,5,MEDIUM
411e85e3-c5b6-577c-9956-bc7595598126,MISSING_HISTORY,5,MEDIUM
41021aff-8797-5a4a-b946-0f84a2b10fea,MISSING_HISTORY,5,MEDIUM
40f4afdf-d445-5376-8631-47ebb99b7a27,MISSING_HISTORY,5,MEDIUM
40b4add0-6982-5fb8-8472-75c70806cb26,MISSING_HISTORY,5,MEDIUM
40a0935d-f80f-58dd-86a2-8728c57dbabb,MISSING_HISTORY,5,MEDIUM
40270a35-43d1-565c-a891-efa0a69002a7,MISSING_HISTORY,5,MEDIUM
3fb155bb-e892-50f3-9a25-163ac7298096,MISSING_HISTORY,5,MEDIUM
3f58446f-549b-560d-acf2-1c4f4d126b20,MISSING_HISTORY,5,MEDIUM
3ed138c3-8d0c-5760-9652-556a96419de3,MISSING_HISTORY,5,MEDIUM
450c6584-d7e2-5958-ae3a-82b01867cc3f,MISSING_HISTORY,5,MEDIUM
3ec7ddbc-0bf0-5cb1-a43a-a37b3792b328,MISSING_HISTORY,5,MEDIUM
3eabcb04-3915-580b-b291-9393e46630d1,MISSING_HISTORY,5,MEDIUM
3e7b6ce4-db9f-5343-a78b-0cafd045227b,MISSING_HISTORY,5,MEDIUM
3e6c5dec-9d2a-5482-aec5-0b801d2ec4a3,MISSING_HISTORY,5,MEDIUM
3dbf12db-5dc0-5bdc-b479-61e97f3b3c51,MISSING_HISTORY,5,MEDIUM
3d9b76f8-eac3-55ec-b7a4-d885e5102956,MISSING_HISTORY,5,MEDIUM
3d9759aa-4ac6-5e88-b20d-8681fa27f6b7,MISSING_HISTORY,5,MEDIUM
3d41f270-ccc2-5e32-aeab-b9b43822c6b4,MISSING_HISTORY,5,MEDIUM
3d40e864-a448-57a2-b253-53be1330c58f,MISSING_HISTORY,5,MEDIUM
41796e6e-7cf1-50d5-910d-fccd0ed85fa5,MISSING_HISTORY,5,MEDIUM
41b2aed9-1ea3-5165-b8f0-af849baadf3c,MISSING_HISTORY,5,MEDIUM
41cf1840-73af-5ad2-a6c5-0a182004ee40,MISSING_HISTORY,5,MEDIUM
41d44184-9493-5deb-b9ff-34c52adb0797,MISSING_HISTORY,5,MEDIUM
44f88524-eb2f-5f9a-baad-c45b8df0fa72,MISSING_HISTORY,5,MEDIUM
44ad7b0f-a1ae-575c-a970-58248fe58489,MISSING_HISTORY,5,MEDIUM
44aa6258-5dfa-56a1-bb61-ab0b219a531b,MISSING_HISTORY,5,MEDIUM
44a5996b-137f-54eb-b9b1-a9049dd3eaaf,MISSING_HISTORY,5,MEDIUM
445a2f8b-4297-5f82-b53c-3de950a1627a,MISSING_HISTORY,5,MEDIUM
43a813ec-5066-51c9-85ec-8c938b539298,MISSING_HISTORY,5,MEDIUM
439d4ae2-f275-5665-80cd-f230395b3c58,MISSING_HISTORY,5,MEDIUM
436c259c-666e-57f8-8ab0-c5795f0ac56c,MISSING_HISTORY,5,MEDIUM
4361ce4a-6dee-5f6a-b9a7-e20c19812fef,MISSING_HISTORY,5,MEDIUM
434d49d4-1dba-5113-b3e4-dd7ae7f4c2cf,MISSING_HISTORY,5,MEDIUM
434434b2-636a-50cc-a091-b964990e2e29,MISSING_HISTORY,5,MEDIUM
430ecbff-525e-5741-b9fa-182b17a3856f,MISSING_HISTORY,5,MEDIUM
42fa4e4d-47bc-5a3b-8911-fd1ff00e955d,MISSING_HISTORY,5,MEDIUM
42a5159f-3532-523b-8682-43b104ba4a58,MISSING_HISTORY,5,MEDIUM
42a30e5b-2502-5164-a382-1f4ba097c9e5,MISSING_HISTORY,5,MEDIUM
429d655d-9e3b-51b3-8190-744d748557ad,MISSING_HISTORY,5,MEDIUM
427d6bc7-926d-5849-a43a-404bca6b052c,MISSING_HISTORY,5,MEDIUM
42493228-1395-59d8-9d71-158dc4c9158a,MISSING_HISTORY,5,MEDIUM
41d49c36-fbf7-570e-8434-0c2e35d7ba80,MISSING_HISTORY,5,MEDIUM
4e63786c-bb00-5ef0-b0f2-f73f8e1617a0,MISSING_HISTORY,5,MEDIUM
4f236792-4617-56d8-9d6b-f31d1c7d5f11,MISSING_HISTORY,5,MEDIUM
5e051120-7177-503d-babb-0e80128aaf59,MISSING_HISTORY,5,MEDIUM
57a7ec85-650e-5092-bd18-fc30a8a7faee,MISSING_HISTORY,5,MEDIUM
58793e51-c4ad-502e-a728-4cda672ee101,MISSING_HISTORY,5,MEDIUM
585b3e8f-0ede-53dc-9c34-45c933a4b356,MISSING_HISTORY,5,MEDIUM
58595782-3f3d-5e37-9e17-fee8e3b08ec0,MISSING_HISTORY,5,MEDIUM
5853f514-7cec-5b06-9fc3-ca0a994e8835,MISSING_HISTORY,5,MEDIUM
5839a014-6fea-56b0-9388-10ecd418ae57,MISSING_HISTORY,5,MEDIUM
5824a610-7d49-57ac-aca9-f3b3bfa59e43,MISSING_HISTORY,5,MEDIUM
581145e7-4dc0-576a-914d-b94f4bc27c35,MISSING_HISTORY,5,MEDIUM
580d82d5-9e0c-5eb5-b799-f6cac20f4aac,MISSING_HISTORY,5,MEDIUM
57de9120-dc6c-5c43-970d-770116d75c23,MISSING_HISTORY,5,MEDIUM
57a240eb-5cc9-5244-b712-901e97457bc8,MISSING_HISTORY,5,MEDIUM
5896609e-00f1-53ad-9f69-0fb30197dd86,MISSING_HISTORY,5,MEDIUM
57a05edf-6ae7-56a9-a4d0-796e14fcc2e1,MISSING_HISTORY,5,MEDIUM
578a035a-d48e-54d4-9a70-f39bc3d10f27,MISSING_HISTORY,5,MEDIUM
575bff24-cc16-561a-94dc-73e1d98f3632,MISSING_HISTORY,5,MEDIUM
5710c311-106d-51b1-a4ff-8d46f07ca1a9,MISSING_HISTORY,5,MEDIUM
56e0adbf-043f-57fa-bff8-12a70a06cb6c,MISSING_HISTORY,5,MEDIUM
56dd9112-ee21-592d-bf24-14b50f8379d6,MISSING_HISTORY,5,MEDIUM
56d7c4a1-0f12-56ef-901f-839ce1182289,MISSING_HISTORY,5,MEDIUM
56a0be7b-6bc5-520d-8374-43ca0372c26e,MISSING_HISTORY,5,MEDIUM
5669c4e0-ccc0-5732-87fb-db7055bf2b95,MISSING_HISTORY,5,MEDIUM
588b1965-aff7-5242-8174-33a636e6982b,MISSING_HISTORY,5,MEDIUM
593bb2c9-5d39-5a35-86bb-4d45ae924c8b,MISSING_HISTORY,5,MEDIUM
4f4b0cb7-3255-5891-b58e-236874696d36,MISSING_HISTORY,5,MEDIUM
5ca06c5e-1145-5801-93fd-a34c9301ad04,MISSING_HISTORY,5,MEDIUM
5dc99b34-2477-5f3b-955a-65101a62aaf3,MISSING_HISTORY,5,MEDIUM
5dc9347f-1175-565c-a056-3b9ca1c493b9,MISSING_HISTORY,5,MEDIUM
5dbfd9a6-e15c-5beb-af9c-9e84f2db278f,MISSING_HISTORY,5,MEDIUM
5d85d205-3ddd-593a-953a-38ca7ae7999d,MISSING_HISTORY,5,MEDIUM
5d401f72-b141-5b29-9115-57564c33db62,MISSING_HISTORY,5,MEDIUM
5d358454-25cf-52df-91a0-a5fd5bb06bca,MISSING_HISTORY,5,MEDIUM
5cb800f6-7eb4-502c-8f2b-b3262303fd3e,MISSING_HISTORY,5,MEDIUM
5cb1979c-2dcc-50e4-ade7-6b4e2b513fd5,MISSING_HISTORY,5,MEDIUM
5ca8150a-243c-5cdd-a98a-edc638511dc6,MISSING_HISTORY,5,MEDIUM
5c98218b-fabd-5a0e-97b8-b19a2078775e,MISSING_HISTORY,5,MEDIUM
596130eb-3927-503c-8ade-fd3ff1479e1c,MISSING_HISTORY,5,MEDIUM
5bffd6db-4062-5b5c-8935-620d2daf5689,MISSING_HISTORY,5,MEDIUM
5ba07b76-9676-578e-9000-ea3e17c07218,MISSING_HISTORY,5,MEDIUM
5b81d045-c810-5496-8fb6-54b3c7c2ad24,MISSING_HISTORY,5,MEDIUM
5b3a6ccc-3db5-57d1-9ba1-ab3a10fbf28b,MISSING_HISTORY,5,MEDIUM
5b35fa8c-f4f0-56dd-a79c-48ea0a532a29,MISSING_HISTORY,5,MEDIUM
5a608480-d24b-50b0-a7b9-cb3e198c231f,MISSING_HISTORY,5,MEDIUM
5a248247-1ec3-5000-8c69-e607cfc3995c,MISSING_HISTORY,5,MEDIUM
59fb9565-5c28-5e1b-9dac-5e3ae8bfb40b,MISSING_HISTORY,5,MEDIUM
599cd258-d055-5ab5-a81d-a260b1747847,MISSING_HISTORY,5,MEDIUM
55fbdbc9-bae8-5aa4-b581-c765fc1b5be1,MISSING_HISTORY,5,MEDIUM
55dddec1-1a52-5dbb-970b-71dd42ca962a,MISSING_HISTORY,5,MEDIUM
55d8b6ac-76c1-52b5-8af4-8e7b91a9f1ab,MISSING_HISTORY,5,MEDIUM
5155b149-6caf-53aa-b11f-904337a40486,MISSING_HISTORY,5,MEDIUM
531317a3-39c6-5cd7-b614-4d1734c6267b,MISSING_HISTORY,5,MEDIUM
52dbe544-adaf-5ec8-8075-003ce777cf57,MISSING_HISTORY,5,MEDIUM
52cc1be6-582d-535a-be09-74e23b86cdf1,MISSING_HISTORY,5,MEDIUM
52aeadad-8d6e-582c-b343-be44be1f60f5,MISSING_HISTORY,5,MEDIUM
5211a6cc-a2c2-503a-a0a1-04be1b65ca09,MISSING_HISTORY,5,MEDIUM
51fb4d09-3542-5e11-b5c6-dcb034f0545a,MISSING_HISTORY,5,MEDIUM
51e77243-d9c7-5f66-a959-65c3144cb29d,MISSING_HISTORY,5,MEDIUM
51cd9655-9f7c-577c-bc9f-9353984cfec4,MISSING_HISTORY,5,MEDIUM
51bbe04d-9591-5a47-857e-cd828fab20d8,MISSING_HISTORY,5,MEDIUM
50faddfe-b295-50c0-b20e-cccd7c8f0206,MISSING_HISTORY,5,MEDIUM
55cdd8e7-5e8c-5c89-a2fe-0cfe4302d0eb,MISSING_HISTORY,5,MEDIUM
50a89b70-1e87-5fb1-8c59-5a3794bf16de,MISSING_HISTORY,5,MEDIUM
5083dac2-2ceb-50d0-a424-980b5d5afc57,MISSING_HISTORY,5,MEDIUM
507d6b7c-6755-50cd-830d-080300b173d0,MISSING_HISTORY,5,MEDIUM
501a4c17-8a7d-54e2-9645-f5e03c8dfa37,MISSING_HISTORY,5,MEDIUM
4fda92bd-f953-5ec7-82f4-3155de560624,MISSING_HISTORY,5,MEDIUM
4fc3b6ee-707e-5249-b5cd-66e932a644c1,MISSING_HISTORY,5,MEDIUM
4f8da0bc-2f52-5b70-bca3-5ba7faf7103f,MISSING_HISTORY,5,MEDIUM
4f73ca01-7fcf-5678-9c0d-f1f67f9cdad7,MISSING_HISTORY,5,MEDIUM
4f63f285-88d5-53fa-bb82-a0543a74e034,MISSING_HISTORY,5,MEDIUM
5317ef34-9435-52fa-9d33-0e9b19f479a6,MISSING_HISTORY,5,MEDIUM
53419ab2-2006-5ea7-9aca-e7633fe1993b,MISSING_HISTORY,5,MEDIUM
534646d5-2076-5a47-b784-08a9e44dd415,MISSING_HISTORY,5,MEDIUM
53521b76-5d0a-5f15-94c3-3d6c4c7e8c46,MISSING_HISTORY,5,MEDIUM
55b55160-df1f-505b-89b1-11454fe69f8c,MISSING_HISTORY,5,MEDIUM
5584d313-a65d-57f0-8f54-43ae377949f2,MISSING_HISTORY,5,MEDIUM
5572cf2f-fadc-54f1-8e06-a675a990d8c0,MISSING_HISTORY,5,MEDIUM
553b927b-2b59-5e6a-b0eb-3e840a3a35da,MISSING_HISTORY,5,MEDIUM
552e8443-21c9-5c87-aed4-6e7d68e68258,MISSING_HISTORY,5,MEDIUM
54d76d63-8e32-51bc-9cf5-5382e869effb,MISSING_HISTORY,5,MEDIUM
54b70488-7b4f-5f70-b4d5-84bd45a03ddf,MISSING_HISTORY,5,MEDIUM
54a8cdd0-1f71-58f8-9a1d-33cbd3647294,MISSING_HISTORY,5,MEDIUM
5407850d-df81-5a61-8bb2-cf5a5582769e,MISSING_HISTORY,5,MEDIUM
53d702c1-fc8b-5e10-9e6e-d3036a8a8461,MISSING_HISTORY,5,MEDIUM
53cf4041-6851-5f64-9807-6dd226202ef8,MISSING_HISTORY,5,MEDIUM
53cbe65f-577e-520a-9f2c-cba78bbb122c,MISSING_HISTORY,5,MEDIUM
53c7028d-c7d2-50f7-bf96-a10566126f1a,MISSING_HISTORY,5,MEDIUM
53b175ae-0eaf-5ac2-b42e-658cd1d18c79,MISSING_HISTORY,5,MEDIUM
53a5df00-cc91-56dc-b8a0-a3c8673bf54f,MISSING_HISTORY,5,MEDIUM
539e528a-bf86-50a3-bddd-a30f3f71411b,MISSING_HISTORY,5,MEDIUM
539803e5-bbc5-50a0-bffe-3bb31c47a251,MISSING_HISTORY,5,MEDIUM
5386250b-9df6-5c70-960a-bb13137810ab,MISSING_HISTORY,5,MEDIUM
5376ef90-c77f-5070-96eb-b335b99559e2,MISSING_HISTORY,5,MEDIUM
fff9e0dc-586b-5014-a0a2-fa9d2dfee5f3,MISSING_HISTORY,5,MEDIUM
